Index,KernelName,gpu-id,queue-id,queue-index,pid,tid,grd,wgr,lds,scr,vgpr,sgpr,fbar,sig,obj,SQ_INSTS_VMEM,SQ_INST_LEVEL_VMEM,SQ_ACCUM_PREV_HIRES,DispatchNs,BeginNs,EndNs,CompleteNs
0,"__amd_rocclr_fillBufferAligned.kd",0,0,0,248167,248167,33554432,256,0,0,4,32,2560,0x0,0x7fc1128448c0,524288,27812559,3115001188,477232737024299,477230934954324,477232882535406,477232882630826
1,"void benchmark_func<short, 256, 8u, 0u>(short, short*) [clone .kd]",0,0,2,248167,248167,32768,256,0,0,12,24,13888,0x0,0x7fc01219af80,4096,161592,18091080,477232887645257,477232882535406,477232888376550,477232888471229
2,"void benchmark_func<float, 256, 8u, 0u>(float, float*) [clone .kd]",0,0,5,248167,248167,4194304,256,0,0,12,24,14336,0x7fc114adc380,0x7fc01219afc0,524288,18745047,2099439844,477232888423900,477232888376550,477232889779436,477232889841350
3,"void benchmark_func<HIP_vector_type<float, 2u>, 256, 8u, 0u>(HIP_vector_type<float, 2u>, HIP_vector_type<float, 2u>*) [clone .kd]",0,0,8,248167,248167,4194304,256,0,0,16,24,15040,0x7fc114adc200,0x7fc01219b000,524288,16043961,1796878428,477232889863240,477232889779436,477232891287283,477232891350548
4,"void benchmark_func<double, 256, 8u, 0u>(double, double*) [clone .kd]",0,0,11,248167,248167,4194304,256,0,0,16,24,15488,0x7fc114adc080,0x7fc01219b040,524288,15345335,1718658308,477232891367917,477232891287283,477232892783130,477232892848005
5,"void benchmark_func<__half2, 256, 8u, 0u>(__half2, __half2*) [clone .kd]",0,0,14,248167,248167,4194304,256,0,0,12,24,15936,0x7fc11282df00,0x7fc01219b080,524288,18687180,2092973920,477232892866865,477232892783130,477232894184416,477232894247015
6,"void benchmark_func<int, 256, 8u, 0u>(int, int*) [clone .kd]",0,0,17,248167,248167,4194304,256,0,0,12,24,16384,0x7fc11282dd80,0x7fc01219b0c0,524288,18599376,2083097328,477232894260775,477232894184416,477232895582022,477232895620486
7,"void benchmark_func<float, 256, 8u, 1u>(float, float*) [clone .kd]",0,0,20,248167,248167,4194304,256,0,0,12,24,17088,0x7fc11282dc00,0x7fc01219b100,524288,18527545,2075091068,477232895653315,477232895582022,477232896978988,477232897024586
8,"void benchmark_func<HIP_vector_type<float, 2u>, 256, 8u, 1u>(HIP_vector_type<float, 2u>, HIP_vector_type<float, 2u>*) [clone .kd]",0,0,23,248167,248167,4194304,256,0,0,16,24,17792,0x7fc11282da80,0x7fc01219b140,524288,18360626,2056359300,477232897038725,477232896978988,477232898530674,477232898568882
9,"void benchmark_func<double, 256, 8u, 1u>(double, double*) [clone .kd]",0,0,26,248167,248167,4194304,256,0,0,16,24,18496,0x7fc11282d900,0x7fc01219b180,524288,17827225,1996600148,477232898582652,477232898530674,477232900069721,477232900135319
10,"void benchmark_func<__half2, 256, 8u, 1u>(__half2, __half2*) [clone .kd]",0,0,29,248167,248167,4194304,256,0,0,16,24,19200,0x7fc11282d780,0x7fc01219b1c0,524288,18498765,2071812160,477232900153268,477232900069721,477232901467967,477232901530749
11,"void benchmark_func<int, 256, 8u, 1u>(int, int*) [clone .kd]",0,0,32,248167,248167,4194304,256,0,0,16,24,19904,0x7fc11282d600,0x7fc01219b200,524288,17494336,1959383160,477232901546768,477232901467967,477232902856613,477232902898269
12,"void benchmark_func<float, 256, 8u, 2u>(float, float*) [clone .kd]",0,0,35,248167,248167,4194304,256,0,0,12,24,20608,0x7fc114adc480,0x7fc01219b240,524288,18268918,2046124292,477232902921489,477232902856613,477232904256299,477232904297809
13,"void benchmark_func<HIP_vector_type<float, 2u>, 256, 8u, 2u>(HIP_vector_type<float, 2u>, HIP_vector_type<float, 2u>*) [clone .kd]",0,0,38,248167,248167,4194304,256,0,0,16,24,21312,0x7fc114adc300,0x7fc01219b280,524288,18618422,2085280756,477232904311829,477232904256299,477232905814546,477232905855856
14,"void benchmark_func<double, 256, 8u, 2u>(double, double*) [clone .kd]",0,0,41,248167,248167,4194304,256,0,0,16,24,22016,0x7fc114adc180,0x7fc01219b2c0,524288,18611960,2084501400,477232905869545,477232905814546,477232907371513,477232907410052
15,"void benchmark_func<__half2, 256, 8u, 2u>(__half2, __half2*) [clone .kd]",0,0,44,248167,248167,4194304,256,0,0,16,24,22720,0x7fc114adc000,0x7fc01219b300,524288,19136279,2143241964,477232907423692,477232907371513,477232908772639,477232908811872
16,"void benchmark_func<int, 256, 8u, 2u>(int, int*) [clone .kd]",0,0,47,248167,248167,4194304,256,0,0,12,24,23424,0x7fc11282de80,0x7fc01219b340,524288,19599533,2195124040,477232908826362,477232908772639,477232910180485,477232910218132
17,"void benchmark_func<float, 256, 8u, 3u>(float, float*) [clone .kd]",0,0,50,248167,248167,4194304,256,0,0,12,24,24128,0x7fc11282dd00,0x7fc01219b380,524288,18285047,2047884344,477232910239441,477232910180485,477232911582251,477232911618912
18,"void benchmark_func<HIP_vector_type<float, 2u>, 256, 8u, 3u>(HIP_vector_type<float, 2u>, HIP_vector_type<float, 2u>*) [clone .kd]",0,0,53,248167,248167,4194304,256,0,0,16,24,24832,0x7fc11282db80,0x7fc01219b3c0,524288,19194116,2149708140,477232911633141,477232911582251,477232913151698,477232913165268
19,"void benchmark_func<double, 256, 8u, 3u>(double, double*) [clone .kd]",0,0,56,248167,248167,4194304,256,0,0,16,24,25536,0x7fc11282da00,0x7fc01219b400,524288,17473189,1956991832,477232913193118,477232913151698,477232914678904,477232914721625
20,"void benchmark_func<__half2, 256, 8u, 3u>(__half2, __half2*) [clone .kd]",0,0,59,248167,248167,4194304,256,0,0,12,24,26240,0x7fc11282d880,0x7fc01219b440,524288,19393562,2171993816,477232914735145,477232914678904,477232916086431,477232916128185
21,"void benchmark_func<int, 256, 8u, 3u>(int, int*) [clone .kd]",0,0,62,248167,248167,4194304,256,0,0,12,24,26944,0x7fc11282d700,0x7fc01219b480,524288,25456507,2851161264,477232916143784,477232916086431,477232917541317,477232917581463
22,"void benchmark_func<float, 256, 8u, 4u>(float, float*) [clone .kd]",0,0,65,248167,248167,4194304,256,0,0,12,24,27648,0x7fc114adc580,0x7fc01219b4c0,524288,20804810,2330167704,477232917603733,477232917541317,477232918965643,477232919002533
23,"void benchmark_func<HIP_vector_type<float, 2u>, 256, 8u, 4u>(HIP_vector_type<float, 2u>, HIP_vector_type<float, 2u>*) [clone .kd]",0,0,68,248167,248167,4194304,256,0,0,16,24,28608,0x7fc114adc400,0x7fc01219b500,524288,17410197,1949935116,477232919017333,477232918965643,477232920499410,477232920537830
24,"void benchmark_func<double, 256, 8u, 4u>(double, double*) [clone .kd]",0,0,71,248167,248167,4194304,256,0,0,16,24,29312,0x7fc114adc280,0x7fc01219b540,524288,17084388,1913446916,477232920551759,477232920499410,477232922020536,477232922034277
25,"void benchmark_func<__half2, 256, 8u, 4u>(__half2, __half2*) [clone .kd]",0,0,74,248167,248167,4194304,256,0,0,12,24,30016,0x7fc114adc100,0x7fc01219b580,524288,21146560,2368350956,477232922060987,477232922020536,477232923445982,477232923482116
26,"void benchmark_func<int, 256, 8u, 4u>(int, int*) [clone .kd]",0,0,77,248167,248167,4194304,256,0,0,8,24,30976,0x7fc11282df80,0x7fc01219b5c0,524288,27100018,3035182064,477232923496086,477232923445982,477232924918629,477232924957274
27,"void benchmark_func<float, 256, 8u, 5u>(float, float*) [clone .kd]",0,0,80,248167,248167,4194304,256,0,0,12,24,31680,0x7fc11282de00,0x7fc01219b600,524288,18495680,2071499500,477232924979264,477232924918629,477232926933038,477232926971111
28,"void benchmark_func<HIP_vector_type<float, 2u>, 256, 8u, 5u>(HIP_vector_type<float, 2u>, HIP_vector_type<float, 2u>*) [clone .kd]",0,0,83,248167,248167,4194304,256,0,0,16,24,32640,0x7fc11282dc80,0x7fc01219b640,524288,17502556,1960297784,477232926984461,477232926933038,477232928459764,477232928498708
29,"void benchmark_func<double, 256, 8u, 5u>(double, double*) [clone .kd]",0,0,86,248167,248167,4194304,256,0,0,12,24,33600,0x7fc11282db00,0x7fc01219b680,524288,18090267,2026048304,477232928512418,477232928459764,477232930011451,477232930048035
30,"void benchmark_func<__half2, 256, 8u, 5u>(__half2, __half2*) [clone .kd]",0,0,89,248167,248167,4194304,256,0,0,12,24,34560,0x7fc11282d980,0x7fc01219b6c0,524288,23428683,2624071252,477232930062494,477232930011451,477232931454817,477232931496364
31,"void benchmark_func<int, 256, 8u, 5u>(int, int*) [clone .kd]",0,0,92,248167,248167,4194304,256,0,0,8,24,35520,0x7fc11282d800,0x7fc01219b700,524288,28359298,3176162124,477232931509883,477232931454817,477232932957384,477232932993541
32,"void benchmark_func<float, 256, 8u, 6u>(float, float*) [clone .kd]",0,0,95,248167,248167,4194304,256,0,0,12,24,36224,0x7fc11282d680,0x7fc01219b740,524288,22539700,2524420780,477232933015411,477232932957384,477232934387630,477232934425731
33,"void benchmark_func<HIP_vector_type<float, 2u>, 256, 8u, 6u>(HIP_vector_type<float, 2u>, HIP_vector_type<float, 2u>*) [clone .kd]",0,0,98,248167,248167,4194304,256,0,0,12,24,37184,0x7fc114adc500,0x7fc01219b780,524288,18209678,2039501156,477232934438960,477232934387630,477232935927957,477232935964397
34,"void benchmark_func<double, 256, 8u, 6u>(double, double*) [clone .kd]",0,0,101,248167,248167,4194304,256,0,0,12,24,38144,0x7fc114adc380,0x7fc01219b7c0,524288,17443058,1953631708,477232935977587,477232935927957,477232937453883,477232937490275
35,"void benchmark_func<__half2, 256, 8u, 6u>(__half2, __half2*) [clone .kd]",0,0,104,248167,248167,4194304,256,0,0,12,24,39104,0x7fc114adc200,0x7fc01219b800,524288,26033573,2915722500,477232937504214,477232937453883,477232938916769,477232938953363
36,"void benchmark_func<int, 256, 8u, 6u>(int, int*) [clone .kd]",0,0,107,248167,248167,4194304,256,0,0,8,24,40320,0x7fc114adc080,0x7fc01219b840,524288,30365442,3400966456,477232938967783,477232938916769,477232940444776,477232940482210
37,"void benchmark_func<float, 256, 8u, 7u>(float, float*) [clone .kd]",0,0,110,248167,248167,4194304,256,0,0,12,24,41280,0x7fc11282df00,0x7fc01219b880,524288,23450664,2626438280,477232940503700,477232940444776,477232941886862,477232941900390
38,"void benchmark_func<HIP_vector_type<float, 2u>, 256, 8u, 7u>(HIP_vector_type<float, 2u>, HIP_vector_type<float, 2u>*) [clone .kd]",0,0,113,248167,248167,4194304,256,0,0,12,24,42240,0x7fc11282dd80,0x7fc01219b8c0,524288,18002248,2016282660,477232941926339,477232941886862,477232943419189,477232943456786
39,"void benchmark_func<double, 256, 8u, 7u>(double, double*) [clone .kd]",0,0,116,248167,248167,4194304,256,0,0,12,24,43200,0x7fc11282dc00,0x7fc01219b900,524288,16898205,1892576104,477232943469936,477232943419189,477232944936796,477232944975534
40,"void benchmark_func<__half2, 256, 8u, 7u>(__half2, __half2*) [clone .kd]",0,0,119,248167,248167,4194304,256,0,0,8,24,44160,0x7fc11282da80,0x7fc01219b940,524288,26021871,2914439948,477232944989643,477232944936817,477232946401623,477232946438092
41,"void benchmark_func<int, 256, 8u, 7u>(int, int*) [clone .kd]",0,0,122,248167,248167,4194304,256,0,0,12,24,45376,0x7fc11282d900,0x7fc01219b980,524288,30655434,3433368004,477232946451532,477232946401623,477232947927870,477232947968889
42,"void benchmark_func<float, 256, 8u, 8u>(float, float*) [clone .kd]",0,0,125,248167,248167,4194304,256,0,0,12,24,46336,0x7fc11282d780,0x7fc01219b9c0,524288,27395868,3068221568,477232947989599,477232947927870,477232949408036,477232949421578
43,"void benchmark_func<HIP_vector_type<float, 2u>, 256, 8u, 8u>(HIP_vector_type<float, 2u>, HIP_vector_type<float, 2u>*) [clone .kd]",0,0,128,248167,248167,4194304,256,0,0,12,24,47552,0x7fc11282d600,0x7fc01219ba00,524288,19505703,2184666864,477232949449597,477232949408036,477232950984523,477232950996554
44,"void benchmark_func<double, 256, 8u, 8u>(double, double*) [clone .kd]",0,0,131,248167,248167,4194304,256,0,0,12,24,48512,0x7fc114adc480,0x7fc01219ba40,524288,18474694,2069118440,477232951024494,477232950984523,477232952532050,477232952552131
45,"void benchmark_func<__half2, 256, 8u, 8u>(__half2, __half2*) [clone .kd]",0,0,134,248167,248167,4194304,256,0,0,8,24,49472,0x7fc114adc300,0x7fc01219ba80,524288,27683433,3100428616,477232952574370,477232952532050,477232954014296,477232954027199
46,"void benchmark_func<int, 256, 8u, 8u>(int, int*) [clone .kd]",0,0,137,248167,248167,4194304,256,0,0,12,24,50688,0x7fc114adc180,0x7fc01219bac0,524288,29497418,3303652968,477232954054518,477232954014296,477232955538303,477232955551676
47,"void benchmark_func<float, 256, 8u, 9u>(float, float*) [clone .kd]",0,0,140,248167,248167,4194304,256,0,0,12,24,51648,0x7fc114adc000,0x7fc01219bb00,524288,28381489,3178682592,477232955587255,477232955538303,477232957023589,477232957039174
48,"void benchmark_func<HIP_vector_type<float, 2u>, 256, 8u, 9u>(HIP_vector_type<float, 2u>, HIP_vector_type<float, 2u>*) [clone .kd]",0,0,143,248167,248167,4194304,256,0,0,12,24,52864,0x7fc11282de80,0x7fc01219bb40,524288,19208093,2151306672,477232957068653,477232957023589,477232958586636,477232958602460
49,"void benchmark_func<double, 256, 8u, 9u>(double, double*) [clone .kd]",0,0,146,248167,248167,4194304,256,0,0,12,24,54080,0x7fc11282dd00,0x7fc01219bb80,524288,18315302,2051272088,477232958629570,477232958586636,477232960124723,477232960145397
50,"void benchmark_func<__half2, 256, 8u, 9u>(__half2, __half2*) [clone .kd]",0,0,149,248167,248167,4194304,256,0,0,8,24,55296,0x7fc11282db80,0x7fc01219bbc0,524288,28590487,3202135252,477232960165516,477232960124723,477232961624409,477232961636925
51,"void benchmark_func<int, 256, 8u, 9u>(int, int*) [clone .kd]",0,0,152,248167,248167,4194304,256,0,0,12,24,56768,0x7fc11282da00,0x7fc01219bc00,524288,29655577,3321427396,477232961664714,477232961624409,477232963149856,477232963162292
52,"void benchmark_func<float, 256, 8u, 10u>(float, float*) [clone .kd]",0,0,155,248167,248167,4194304,256,0,0,12,24,57728,0x7fc11282d880,0x7fc01219bc40,524288,27677424,3099810728,477232963199501,477232963149856,477232964632583,477232964644930
53,"void benchmark_func<HIP_vector_type<float, 2u>, 256, 8u, 10u>(HIP_vector_type<float, 2u>, HIP_vector_type<float, 2u>*) [clone .kd]",0,0,158,248167,248167,4194304,256,0,0,12,24,58944,0x7fc11282d700,0x7fc01219bc80,524288,19527287,2187038632,477232964674169,477232964632583,477232966199469,477232966211656
54,"void benchmark_func<double, 256, 8u, 10u>(double, double*) [clone .kd]",0,0,161,248167,248167,4194304,256,0,0,12,24,60160,0x7fc114adc580,0x7fc01219bcc0,524288,18774846,2102744576,477232966239226,477232966199469,477232967745716,477232967757753
55,"void benchmark_func<__half2, 256, 8u, 10u>(__half2, __half2*) [clone .kd]",0,0,164,248167,248167,4194304,256,0,0,8,24,61376,0x7fc114adc400,0x7fc01219bd00,524288,28503566,3192389820,477232967786062,477232967745716,477232969242683,477232969256211
56,"void benchmark_func<int, 256, 8u, 10u>(int, int*) [clone .kd]",0,0,167,248167,248167,4194304,256,0,0,12,24,62848,0x7fc114adc280,0x7fc01219bd40,524288,29584221,3313395900,477232969284380,477232969242683,477232970770689,477232970783128
57,"void benchmark_func<float, 256, 8u, 11u>(float, float*) [clone .kd]",0,0,170,248167,248167,4194304,256,0,0,12,24,63808,0x7fc114adc100,0x7fc01219bd80,524288,28552958,3197910620,477232970818887,477232970770689,477232972261576,477232972276576
58,"void benchmark_func<HIP_vector_type<float, 2u>, 256, 8u, 11u>(HIP_vector_type<float, 2u>, HIP_vector_type<float, 2u>*) [clone .kd]",0,0,173,248167,248167,4194304,256,0,0,12,24,65024,0x7fc11282df80,0x7fc01219bdc0,524288,19462141,2179718132,477232972303985,477232972261576,477232973825903,477232973842912
59,"void benchmark_func<double, 256, 8u, 11u>(double, double*) [clone .kd]",0,0,176,248167,248167,4194304,256,0,0,12,24,66240,0x7fc11282de00,0x7fc01219be00,524288,19462561,2179783036,477232973867512,477232973825903,477232975397590,477232975410148
60,"void benchmark_func<__half2, 256, 8u, 11u>(__half2, __half2*) [clone .kd]",0,0,179,248167,248167,4194304,256,0,0,8,24,67456,0x7fc11282dc80,0x7fc01219be40,524288,28712384,3215763964,477232975436178,477232975397590,477232976896476,477232976909376
61,"void benchmark_func<int, 256, 8u, 11u>(int, int*) [clone .kd]",0,0,182,248167,248167,4194304,256,0,0,12,24,68928,0x7fc11282db00,0x7fc01219be80,524288,29843180,3342444324,477232976937096,477232976896476,477232978415523,477232978427784
62,"void benchmark_func<float, 256, 8u, 12u>(float, float*) [clone .kd]",0,0,185,248167,248167,4194304,256,0,0,12,24,70144,0x7fc11282d980,0x7fc01219bec0,524288,28006323,3136654780,477232978463433,477232978415523,477232979905609,477232979917981
63,"void benchmark_func<HIP_vector_type<float, 2u>, 256, 8u, 12u>(HIP_vector_type<float, 2u>, HIP_vector_type<float, 2u>*) [clone .kd]",0,0,188,248167,248167,4194304,256,0,0,12,24,71616,0x7fc11282d800,0x7fc01219bf00,524288,18668516,2090798412,477232979946561,477232979905609,477232981451696,477232981464078
64,"void benchmark_func<double, 256, 8u, 12u>(double, double*) [clone .kd]",0,0,191,248167,248167,4194304,256,0,0,12,24,72832,0x7fc11282d680,0x7fc01219bf40,524288,19134122,2142987768,477232981494248,477232981451696,477232983005463,477232983022785
65,"void benchmark_func<__half2, 256, 8u, 12u>(__half2, __half2*) [clone .kd]",0,0,194,248167,248167,4194304,256,0,0,8,24,74048,0x7fc114adc500,0x7fc01219bf80,524288,31262196,3501330176,477232983044244,477232983005463,477232984529630,477232984544602
66,"void benchmark_func<int, 256, 8u, 12u>(int, int*) [clone .kd]",0,0,197,248167,248167,4194304,256,0,0,12,24,75776,0x7fc114adc380,0x7fc01219bfc0,524288,30037656,3364178632,477232984570421,477232984529630,477232986052836,477232986064969
67,"void benchmark_func<float, 256, 8u, 13u>(float, float*) [clone .kd]",0,0,200,248167,248167,4194304,256,0,0,12,24,76992,0x7fc114adc200,0x7fc01219c000,524288,28455977,3187066976,477232986099899,477232986052836,477232987549963,477232987561757
68,"void benchmark_func<HIP_vector_type<float, 2u>, 256, 8u, 13u>(HIP_vector_type<float, 2u>, HIP_vector_type<float, 2u>*) [clone .kd]",0,0,203,248167,248167,4194304,256,0,0,12,24,78464,0x7fc114adc080,0x7fc01219c040,524288,18628024,2086319408,477232987589887,477232987549963,477232989097970,477232989111484
69,"void benchmark_func<double, 256, 8u, 13u>(double, double*) [clone .kd]",0,0,206,248167,248167,4194304,256,0,0,12,24,79936,0x7fc11282df00,0x7fc01219c080,524288,18717535,2096319452,477232989138563,477232989097970,477232990647736,477232990660080
70,"void benchmark_func<__half2, 256, 8u, 13u>(__half2, __half2*) [clone .kd]",0,0,209,248167,248167,4194304,256,0,0,8,24,81408,0x7fc11282dd80,0x7fc01219c0c0,524288,30007071,3360811388,477232990688970,477232990647736,477232992173023,477232992215157
71,"void benchmark_func<int, 256, 8u, 13u>(int, int*) [clone .kd]",0,0,212,248167,248167,4194304,256,0,0,12,24,83136,0x7fc11282dc00,0x7fc01219c100,524288,29887805,3347450228,477232992229257,477232992173023,477232993696230,477232993732884
72,"void benchmark_func<float, 256, 8u, 14u>(float, float*) [clone .kd]",0,0,215,248167,248167,4194304,256,0,0,12,24,84352,0x7fc11282da80,0x7fc01219c140,524288,28782161,3223534964,477232993763604,477232993696230,477232995196076,477232995233652
73,"void benchmark_func<HIP_vector_type<float, 2u>, 256, 8u, 14u>(HIP_vector_type<float, 2u>, HIP_vector_type<float, 2u>*) [clone .kd]",0,0,218,248167,248167,4194304,256,0,0,12,24,85824,0x7fc11282d900,0x7fc01219c180,524288,17886687,2003307916,477232995247132,477232995196076,477232996729843,477232996771979
74,"void benchmark_func<double, 256, 8u, 14u>(double, double*) [clone .kd]",0,0,221,248167,248167,4194304,256,0,0,12,24,87296,0x7fc11282d780,0x7fc01219c1c0,524288,19413364,2174277300,477232996785219,477232996729843,477232998293210,477232998329505
75,"void benchmark_func<__half2, 256, 8u, 14u>(__half2, __half2*) [clone .kd]",0,0,224,248167,248167,4194304,256,0,0,12,24,88768,0x7fc11282d600,0x7fc01219c200,524288,30724099,3441066724,477232998342505,477232998293210,477232999818817,477232999860212
76,"void benchmark_func<int, 256, 8u, 14u>(int, int*) [clone .kd]",0,0,227,248167,248167,4194304,256,0,0,12,24,90752,0x7fc114adc480,0x7fc01219c240,524288,29606840,3315980928,477232999873482,477232999818817,477233001340263,477233001376149
77,"void benchmark_func<float, 256, 8u, 15u>(float, float*) [clone .kd]",0,0,230,248167,248167,4194304,256,0,0,12,24,91968,0x7fc114adc300,0x7fc01219c280,524288,29001644,3248146328,477233001398149,477233001340263,477233002840590,477233002879367
78,"void benchmark_func<HIP_vector_type<float, 2u>, 256, 8u, 15u>(HIP_vector_type<float, 2u>, HIP_vector_type<float, 2u>*) [clone .kd]",0,0,233,248167,248167,4194304,256,0,0,12,24,93440,0x7fc114adc180,0x7fc01219c2c0,524288,18037906,2020201424,477233002892967,477233002840590,477233004379956,477233004417244
79,"void benchmark_func<double, 256, 8u, 15u>(double, double*) [clone .kd]",0,0,236,248167,248167,4194304,256,0,0,12,24,94912,0x7fc114adc000,0x7fc01219c300,524288,18679859,2092087868,477233004431044,477233004379956,477233005927803,477233005964321
80,"void benchmark_func<__half2, 256, 8u, 15u>(__half2, __half2*) [clone .kd]",0,0,239,248167,248167,4194304,256,0,0,12,24,96384,0x7fc11282de80,0x7fc01219c340,524288,29928808,3352081548,477233005978320,477233005927803,477233007449250,477233007485398
81,"void benchmark_func<int, 256, 8u, 15u>(int, int*) [clone .kd]",0,0,242,248167,248167,4194304,256,0,0,12,24,98368,0x7fc11282dd00,0x7fc01219c380,524288,29921462,3351153196,477233007498188,477233007449219,477233008980105,477233009020065
82,"void benchmark_func<float, 256, 8u, 16u>(float, float*) [clone .kd]",0,0,245,248167,248167,4194304,256,0,0,12,24,99584,0x7fc11282db80,0x7fc01219c3c0,524288,29689757,3325253716,477233009041984,477233008980105,477233010491311,477233010528713
83,"void benchmark_func<HIP_vector_type<float, 2u>, 256, 8u, 16u>(HIP_vector_type<float, 2u>, HIP_vector_type<float, 2u>*) [clone .kd]",0,0,248,248167,248167,4194304,256,0,0,12,24,101312,0x7fc11282da00,0x7fc01219c400,524288,18784131,2103834740,477233010541292,477233010491311,477233012040438,477233012059530
84,"void benchmark_func<double, 256, 8u, 16u>(double, double*) [clone .kd]",0,0,251,248167,248167,4194304,256,0,0,12,24,102784,0x7fc11282d880,0x7fc01219c440,524288,19221173,2152797772,477233012081409,477233012040438,477233013595964,477233013634046
85,"void benchmark_func<__half2, 256, 8u, 16u>(__half2, __half2*) [clone .kd]",0,0,254,248167,248167,4194304,256,0,0,12,24,104256,0x7fc11282d700,0x7fc01219c480,524288,29291725,3280596272,477233013648095,477233013595964,477233015112931,477233015149193
86,"void benchmark_func<int, 256, 8u, 16u>(int, int*) [clone .kd]",0,0,257,248167,248167,4194304,256,0,0,12,24,106240,0x7fc114adc580,0x7fc01219c4c0,524288,30208853,3383337156,477233015162443,477233015112931,477233016645897,477233016690470
87,"void benchmark_func<float, 256, 8u, 17u>(float, float*) [clone .kd]",0,0,260,248167,248167,4194304,256,0,0,12,24,107712,0x7fc114adc400,0x7fc01219c500,524288,30320153,3395832176,477233016712260,477233016645897,477233018174704,477233018188348
88,"void benchmark_func<HIP_vector_type<float, 2u>, 256, 8u, 17u>(HIP_vector_type<float, 2u>, HIP_vector_type<float, 2u>*) [clone .kd]",0,0,263,248167,248167,4194304,256,0,0,16,24,109440,0x7fc114adc280,0x7fc01219c540,524288,18583897,2081373596,477233018213567,477233018174704,477233019721431,477233019733705
89,"void benchmark_func<double, 256, 8u, 17u>(double, double*) [clone .kd]",0,0,266,248167,248167,4194304,256,0,0,16,24,111168,0x7fc114adc100,0x7fc01219c580,524288,19622623,2197702548,477233019762584,477233019721431,477233021284957,477233021323050
90,"void benchmark_func<__half2, 256, 8u, 17u>(__half2, __half2*) [clone .kd]",0,0,269,248167,248167,4194304,256,0,0,8,24,112896,0x7fc11282df80,0x7fc01219c5c0,524288,29684600,3324662660,477233021336410,477233021284957,477233022804644,477233022842948
91,"void benchmark_func<int, 256, 8u, 17u>(int, int*) [clone .kd]",0,0,272,248167,248167,4194304,256,0,0,12,24,115136,0x7fc11282de00,0x7fc01219c600,524288,29880607,3346574008,477233022856877,477233022804644,477233024344811,477233024384145
92,"void benchmark_func<float, 256, 8u, 18u>(float, float*) [clone .kd]",0,0,275,248167,248167,4194304,256,0,0,12,24,116608,0x7fc11282dc80,0x7fc01219c640,524288,29716453,3328315200,477233024405964,477233024344811,477233025866577,477233025904922
93,"void benchmark_func<HIP_vector_type<float, 2u>, 256, 8u, 18u>(HIP_vector_type<float, 2u>, HIP_vector_type<float, 2u>*) [clone .kd]",0,0,278,248167,248167,4194304,256,0,0,16,24,118336,0x7fc11282db00,0x7fc01219c680,524288,18624222,2085905116,477233025917932,477233025866577,477233027413944,477233027451569
94,"void benchmark_func<double, 256, 8u, 18u>(double, double*) [clone .kd]",0,0,281,248167,248167,4194304,256,0,0,16,24,120064,0x7fc11282d980,0x7fc01219c6c0,524288,19145969,2144326096,477233027465768,477233027413944,477233028984351,477233029022655
95,"void benchmark_func<__half2, 256, 8u, 18u>(__half2, __half2*) [clone .kd]",0,0,284,248167,248167,4194304,256,0,0,12,24,121792,0x7fc11282d800,0x7fc01219c700,524288,29021599,3250405008,477233029036265,477233028984351,477233030504997,477233030543422
96,"void benchmark_func<int, 256, 8u, 18u>(int, int*) [clone .kd]",0,0,287,248167,248167,4194304,256,0,0,12,24,124032,0x7fc11282d680,0x7fc01219c740,524288,29295684,3281085364,477233030556312,477233030504997,477233032039564,477233032080339
97,"void benchmark_func<float, 256, 8u, 20u>(float, float*) [clone .kd]",0,0,290,248167,248167,4194304,256,0,0,12,24,125504,0x7fc114adc500,0x7fc01219c780,524288,30721623,3440791196,477233032101359,477233032039564,477233033558771,477233033596596
98,"void benchmark_func<HIP_vector_type<float, 2u>, 256, 8u, 20u>(HIP_vector_type<float, 2u>, HIP_vector_type<float, 2u>*) [clone .kd]",0,0,293,248167,248167,4194304,256,0,0,12,24,127488,0x7fc114adc380,0x7fc01219c7c0,524288,18956633,2123098124,477233033610306,477233033558771,477233035113817,477233035152202
99,"void benchmark_func<double, 256, 8u, 20u>(double, double*) [clone .kd]",0,0,296,248167,248167,4194304,256,0,0,12,24,129216,0x7fc114adc200,0x7fc01219c800,524288,19251565,2156185116,477233035165302,477233035113817,477233036672864,477233036712259
100,"void benchmark_func<__half2, 256, 8u, 20u>(__half2, __half2*) [clone .kd]",0,0,299,248167,248167,4194304,256,0,0,12,24,130944,0x7fc114adc080,0x7fc01219c840,524288,29752229,3332194716,477233036725038,477233036672864,477233038188871,477233038202617
101,"void benchmark_func<int, 256, 8u, 20u>(int, int*) [clone .kd]",0,0,302,248167,248167,4194304,256,0,0,12,24,133440,0x7fc11282df00,0x7fc01219c880,524288,26667142,2986715088,477233038229496,477233038188871,477233039714157,477233039752403
102,"void benchmark_func<float, 256, 8u, 22u>(float, float*) [clone .kd]",0,0,305,248167,248167,4194304,256,0,0,12,24,134912,0x7fc11282dd80,0x7fc01219c8c0,524288,30655656,3433502748,477233039774303,477233039714157,477233041246964,477233041289690
103,"void benchmark_func<HIP_vector_type<float, 2u>, 256, 8u, 22u>(HIP_vector_type<float, 2u>, HIP_vector_type<float, 2u>*) [clone .kd]",0,0,308,248167,248167,4194304,256,0,0,12,24,136896,0x7fc11282dc00,0x7fc01219c900,524288,19659842,2201834592,477233041302610,477233041246964,477233042816571,477233042854537
104,"void benchmark_func<double, 256, 8u, 22u>(double, double*) [clone .kd]",0,0,311,248167,248167,4194304,256,0,0,12,24,138880,0x7fc11282da80,0x7fc01219c940,524288,20203279,2262715428,477233042868136,477233042816571,477233044390977,477233044431343
105,"void benchmark_func<__half2, 256, 8u, 22u>(__half2, __half2*) [clone .kd]",0,0,314,248167,248167,4194304,256,0,0,12,24,140864,0x7fc11282d900,0x7fc01219c980,524288,29417771,3294818304,477233044445452,477233044390977,477233045916104,477233045953930
106,"void benchmark_func<int, 256, 8u, 22u>(int, int*) [clone .kd]",0,0,317,248167,248167,4194304,256,0,0,12,24,143616,0x7fc11282d780,0x7fc01219c9c0,524288,25630795,2870645552,477233045966500,477233045916104,477233047450351,477233047486527
107,"void benchmark_func<float, 256, 8u, 24u>(float, float*) [clone .kd]",0,0,320,248167,248167,4194304,256,0,0,12,24,145344,0x7fc11282d600,0x7fc01219ca00,524288,31033902,3475725156,477233047508957,477233047450351,477233048984277,477233049022654
108,"void benchmark_func<HIP_vector_type<float, 2u>, 256, 8u, 24u>(HIP_vector_type<float, 2u>, HIP_vector_type<float, 2u>*) [clone .kd]",0,0,323,248167,248167,4194304,256,0,0,12,24,147584,0x7fc114adc480,0x7fc01219ca40,524288,20599168,2307068812,477233049035384,477233048984277,477233050569404,477233050608390
109,"void benchmark_func<double, 256, 8u, 24u>(double, double*) [clone .kd]",0,0,326,248167,248167,4194304,256,0,0,12,24,149568,0x7fc114adc300,0x7fc01219ca80,524288,20990703,2350977956,477233050621810,477233050569404,477233052163331,477233052208325
110,"void benchmark_func<__half2, 256, 8u, 24u>(__half2, __half2*) [clone .kd]",0,0,329,248167,248167,4194304,256,0,0,12,24,151552,0x7fc114adc180,0x7fc01219cac0,524288,29615253,3316864496,477233052222085,477233052163331,477233053693897,477233053731643
111,"void benchmark_func<int, 256, 8u, 24u>(int, int*) [clone .kd]",0,0,332,248167,248167,4194304,256,0,0,12,24,154304,0x7fc114adc000,0x7fc01219cb00,524288,25460342,2851530532,477233053744812,477233053693897,477233055232304,477233055270600
112,"void benchmark_func<float, 256, 8u, 28u>(float, float*) [clone .kd]",0,0,335,248167,248167,4194304,256,0,0,12,24,156288,0x7fc11282de80,0x7fc01219cb40,524288,30299205,3393512900,477233055293279,477233055232304,477233056765751,477233056807407
113,"void benchmark_func<HIP_vector_type<float, 2u>, 256, 8u, 28u>(HIP_vector_type<float, 2u>, HIP_vector_type<float, 2u>*) [clone .kd]",0,0,338,248167,248167,4194304,256,0,0,12,24,158784,0x7fc11282dd00,0x7fc01219cb80,524288,22497533,2519751696,477233056821396,477233056765751,477233058389438,477233058432332
114,"void benchmark_func<double, 256, 8u, 28u>(double, double*) [clone .kd]",0,0,341,248167,248167,4194304,256,0,0,12,24,161024,0x7fc11282db80,0x7fc01219cbc0,524288,22229153,2489648428,477233058446141,477233058389438,477233060007685,477233060046107
115,"void benchmark_func<__half2, 256, 8u, 28u>(__half2, __half2*) [clone .kd]",0,0,344,248167,248167,4194304,256,0,0,12,24,163264,0x7fc11282da00,0x7fc01219cc00,524288,30092628,3370329344,477233060059177,477233060007685,477233061535051,477233061573434
116,"void benchmark_func<int, 256, 8u, 28u>(int, int*) [clone .kd]",0,0,347,248167,248167,4194304,256,0,0,12,24,166528,0x7fc11282d880,0x7fc01219cc40,524288,22119267,2477323932,477233061587654,477233061535051,477233063075858,477233063112801
117,"void benchmark_func<float, 256, 8u, 32u>(float, float*) [clone .kd]",0,0,350,248167,248167,4194304,256,0,0,12,24,168512,0x7fc11282d700,0x7fc01219cc80,524288,30660355,3433966672,477233063134461,477233063075858,477233064610105,477233064648918
118,"void benchmark_func<HIP_vector_type<float, 2u>, 256, 8u, 32u>(HIP_vector_type<float, 2u>, HIP_vector_type<float, 2u>*) [clone .kd]",0,0,353,248167,248167,4194304,256,0,0,12,24,171264,0x7fc114adc580,0x7fc01219ccc0,524288,22944432,2569736228,477233064662278,477233064610105,477233066241632,477233066279323
119,"void benchmark_func<double, 256, 8u, 32u>(double, double*) [clone .kd]",0,0,356,248167,248167,4194304,256,0,0,12,24,173760,0x7fc114adc400,0x7fc01219cd00,524288,23628488,2646407512,477233066292983,477233066241632,477233067884359,477233067922688
120,"void benchmark_func<__half2, 256, 8u, 32u>(__half2, __half2*) [clone .kd]",0,0,359,248167,248167,4194304,256,0,0,12,24,176256,0x7fc114adc280,0x7fc01219cd40,524288,29569475,3311714140,477233067936027,477233067884359,477233069423085,477233069460484
121,"void benchmark_func<int, 256, 8u, 32u>(int, int*) [clone .kd]",0,0,362,248167,248167,4194304,256,0,0,12,24,179776,0x7fc114adc100,0x7fc01219cd80,524288,20599244,2307119284,477233069474304,477233069423085,477233070980852,477233071018650
122,"void benchmark_func<float, 256, 8u, 40u>(float, float*) [clone .kd]",0,0,365,248167,248167,4194304,256,0,0,12,24,182272,0x7fc11282df80,0x7fc01219cdc0,524288,29825681,3340522268,477233071041930,477233070980883,477233072516249,477233072557317
123,"void benchmark_func<HIP_vector_type<float, 2u>, 256, 8u, 40u>(HIP_vector_type<float, 2u>, HIP_vector_type<float, 2u>*) [clone .kd]",0,0,368,248167,248167,4194304,256,0,0,12,24,185536,0x7fc11282de00,0x7fc01219ce00,524288,24530070,2747344392,477233072571277,477233072516249,477233074181056,477233074218521
124,"void benchmark_func<double, 256, 8u, 40u>(double, double*) [clone .kd]",0,0,371,248167,248167,4194304,256,0,0,12,24,188544,0x7fc11282dc80,0x7fc01219ce40,524288,24563582,2751117308,477233074232061,477233074181056,477233075842344,477233075879226
125,"void benchmark_func<__half2, 256, 8u, 40u>(__half2, __half2*) [clone .kd]",0,0,374,248167,248167,4194304,256,0,0,12,24,191552,0x7fc11282db00,0x7fc01219ce80,524288,27057752,3030478820,477233075892395,477233075842344,477233077372110,477233077410263
126,"void benchmark_func<int, 256, 8u, 40u>(int, int*) [clone .kd]",0,0,377,248167,248167,4194304,256,0,0,12,24,195840,0x7fc11282d980,0x7fc01219cec0,524288,19700562,2206472744,477233077424553,477233077372110,477233078989877,477233079028798
127,"void benchmark_func<float, 256, 8u, 48u>(float, float*) [clone .kd]",0,0,380,248167,248167,4194304,256,0,0,12,24,198592,0x7fc11282d800,0x7fc01219cf00,524288,29420378,3295056100,477233079050208,477233078989877,477233080535484,477233080576355
128,"void benchmark_func<HIP_vector_type<float, 2u>, 256, 8u, 48u>(HIP_vector_type<float, 2u>, HIP_vector_type<float, 2u>*) [clone .kd]",0,0,383,248167,248167,4194304,256,0,0,12,24,202368,0x7fc11282d680,0x7fc01219cf40,524288,25852156,2895421108,477233080590124,477233080535484,477233082241412,477233082279638
129,"void benchmark_func<double, 256, 8u, 48u>(double, double*) [clone .kd]",0,0,386,248167,248167,4194304,256,0,0,12,24,205888,0x7fc114adc500,0x7fc01219cf80,524288,25618226,2869254872,477233082293128,477233082241412,477233083934059,477233083976892
130,"void benchmark_func<__half2, 256, 8u, 48u>(__half2, __half2*) [clone .kd]",0,0,389,248167,248167,4194304,256,0,0,12,24,209408,0x7fc114adc380,0x7fc01219cfc0,524288,24860647,2784335156,477233083990541,477233083934059,477233085468946,477233085506879
131,"void benchmark_func<int, 256, 8u, 48u>(int, int*) [clone .kd]",0,0,392,248167,248167,4194304,256,0,0,12,24,214464,0x7fc114adc200,0x7fc01219d000,524288,16749716,1876000292,477233085521428,477233085468946,477233087103833,477233087140404
132,"void benchmark_func<float, 256, 8u, 56u>(float, float*) [clone .kd]",0,0,395,248167,248167,4194304,256,0,0,12,24,217728,0x7fc114adc080,0x7fc01219d040,524288,28417661,3182680576,477233087162593,477233087103833,477233088653440,477233088695640
133,"void benchmark_func<HIP_vector_type<float, 2u>, 256, 8u, 56u>(HIP_vector_type<float, 2u>, HIP_vector_type<float, 2u>*) [clone .kd]",0,0,398,248167,248167,4194304,256,0,0,12,24,222016,0x7fc11282df00,0x7fc01219d080,524288,25601411,2867337092,477233088709670,477233088653440,477233090368807,477233090381714
134,"void benchmark_func<double, 256, 8u, 56u>(double, double*) [clone .kd]",0,0,401,248167,248167,4194304,256,0,0,12,24,226048,0x7fc11282dd80,0x7fc01219d0c0,524288,26116699,2925045748,477233090408433,477233090368807,477233092072175,477233092118577
135,"void benchmark_func<__half2, 256, 8u, 56u>(__half2, __half2*) [clone .kd]",0,0,404,248167,248167,4194304,256,0,0,12,24,230080,0x7fc11282dc00,0x7fc01219d100,524288,22801890,2553754408,477233092131976,477233092072175,477233093613461,477233093651044
136,"void benchmark_func<int, 256, 8u, 56u>(int, int*) [clone .kd]",0,0,407,248167,248167,4194304,256,0,0,12,24,235904,0x7fc11282da80,0x7fc01219d140,524288,16882135,1890784100,477233093664343,477233093613461,477233095312349,477233095350867
137,"void benchmark_func<float, 256, 8u, 64u>(float, float*) [clone .kd]",0,0,410,248167,248167,4194304,256,0,0,12,24,239424,0x7fc11282d900,0x7fc01219d180,524288,27727231,3105405452,477233095372977,477233095312349,477233096870116,477233096913513
138,"void benchmark_func<HIP_vector_type<float, 2u>, 256, 8u, 64u>(HIP_vector_type<float, 2u>, HIP_vector_type<float, 2u>*) [clone .kd]",0,0,413,248167,248167,4194304,256,0,0,12,24,244224,0x7fc11282d780,0x7fc01219d1c0,524288,25118802,2813227028,477233096927133,477233096870116,477233098594923,477233098633416
139,"void benchmark_func<double, 256, 8u, 64u>(double, double*) [clone .kd]",0,0,416,248167,248167,4194304,256,0,0,12,24,248768,0x7fc11282d600,0x7fc01219d200,524288,25996419,2911571244,477233098646676,477233098594923,477233100314611,477233100358369
140,"void benchmark_func<__half2, 256, 8u, 64u>(__half2, __half2*) [clone .kd]",0,0,419,248167,248167,4194304,256,0,0,12,24,253312,0x7fc114adc480,0x7fc01219d240,524288,21430871,2400230020,477233100371529,477233100314611,477233101870617,477233101907096
141,"void benchmark_func<int, 256, 8u, 64u>(int, int*) [clone .kd]",0,0,422,248167,248167,4194304,256,0,0,8,24,255552,0x7fc114adc300,0x7fc01219d280,524288,32750855,3668122340,477233101920496,477233101870617,477233104925831,477233104968050
142,"void benchmark_func<float, 256, 8u, 80u>(float, float*) [clone .kd]",0,0,425,248167,248167,4194304,256,0,0,12,24,259840,0x7fc114adc180,0x7fc01219d2c0,524288,23509084,2632956252,477233104990740,477233104925831,477233106490158,477233106528287
143,"void benchmark_func<HIP_vector_type<float, 2u>, 256, 8u, 80u>(HIP_vector_type<float, 2u>, HIP_vector_type<float, 2u>*) [clone .kd]",0,0,428,248167,248167,4194304,256,0,0,12,24,265664,0x7fc114adc000,0x7fc01219d300,524288,24218441,2712432620,477233106541386,477233106490158,477233108218165,477233108261529
144,"void benchmark_func<double, 256, 8u, 80u>(double, double*) [clone .kd]",0,0,431,248167,248167,4194304,256,0,0,12,24,271232,0x7fc11282de80,0x7fc01219d340,524288,24579768,2752861652,477233108274909,477233108218165,477233109963453,477233110006631
145,"void benchmark_func<__half2, 256, 8u, 80u>(__half2, __half2*) [clone .kd]",0,0,434,248167,248167,4194304,256,0,0,8,24,273216,0x7fc11282dd00,0x7fc01219d380,524288,34962464,3915806492,477233110019921,477233109963453,477233112973706,477233113015746
146,"void benchmark_func<int, 256, 8u, 80u>(int, int*) [clone .kd]",0,0,437,248167,248167,4194304,256,0,0,8,24,275712,0x7fc11282db80,0x7fc01219d3c0,524288,27942443,3129530684,477233113030916,477233112973706,477233115953559,477233115999292
147,"void benchmark_func<float, 256, 8u, 96u>(float, float*) [clone .kd]",0,0,440,248167,248167,4194304,256,0,0,12,24,280768,0x7fc11282da00,0x7fc01219d400,524288,20792509,2328817540,477233116032202,477233115953559,477233117532926,477233117575678
148,"void benchmark_func<HIP_vector_type<float, 2u>, 256, 8u, 96u>(HIP_vector_type<float, 2u>, HIP_vector_type<float, 2u>*) [clone .kd]",0,0,443,248167,248167,4194304,256,0,0,12,24,287616,0x7fc11282d880,0x7fc01219d440,524288,22203374,2486770300,477233117589588,477233117532926,477233119295173,477233119333631
149,"void benchmark_func<double, 256, 8u, 96u>(double, double*) [clone .kd]",0,0,446,248167,248167,4194304,256,0,0,12,24,294208,0x7fc11282d700,0x7fc01219d480,524288,22940396,2569347088,477233119348490,477233119295173,477233121074541,477233121115022
150,"void benchmark_func<__half2, 256, 8u, 96u>(__half2, __half2*) [clone .kd]",0,0,449,248167,248167,4194304,256,0,0,8,24,296960,0x7fc114adc580,0x7fc01219d4c0,524288,34547891,3869416304,477233121128662,477233121074541,477233124116474,477233124159767
151,"void benchmark_func<int, 256, 8u, 96u>(int, int*) [clone .kd]",0,0,452,248167,248167,4194304,256,0,0,8,24,299968,0x7fc114adc400,0x7fc01219d500,524288,31338122,3509883320,477233124173067,477233124116474,477233127851051,477233127893976
152,"void benchmark_func<float, 256, 8u, 128u>(float, float*) [clone .kd]",0,0,455,248167,248167,4194304,256,0,0,8,24,302720,0x7fc114adc280,0x7fc01219d540,524288,36918956,4134828732,477233127914816,477233127851051,477233131607707,477233131648926
153,"void benchmark_func<HIP_vector_type<float, 2u>, 256, 8u, 128u>(HIP_vector_type<float, 2u>, HIP_vector_type<float, 2u>*) [clone .kd]",0,0,458,248167,248167,4194304,256,0,0,12,24,305472,0x7fc114adc100,0x7fc01219d580,524288,33570883,3759947840,477233131661965,477233131607572,477233135285507,477233135331297
154,"void benchmark_func<double, 256, 8u, 128u>(double, double*) [clone .kd]",0,0,461,248167,248167,4194304,256,0,0,12,24,308224,0x7fc11282df80,0x7fc01219d5c0,524288,32246638,3611617708,477233135344676,477233135285507,477233138328399,477233138372721
155,"void benchmark_func<__half2, 256, 8u, 128u>(__half2, __half2*) [clone .kd]",0,0,464,248167,248167,4194304,256,0,0,8,24,310976,0x7fc11282de00,0x7fc01219d600,524288,33201536,3718585680,477233138386111,477233138328399,477233141989694,477233142033952
156,"void benchmark_func<int, 256, 8u, 128u>(int, int*) [clone .kd]",0,0,467,248167,248167,4194304,256,0,0,8,24,313216,0x7fc11282dc80,0x7fc01219d640,524288,23384716,2619041012,477233142047832,477233141989694,477233145082667,477233145130266
157,"void benchmark_func<float, 256, 8u, 256u>(float, float*) [clone .kd]",0,0,470,248167,248167,4194304,256,0,0,8,24,315968,0x7fc11282db00,0x7fc01219d680,524288,19743323,2211264068,477233145153895,477233145082667,477233148047640,477233148076382
158,"void benchmark_func<HIP_vector_type<float, 2u>, 256, 8u, 256u>(HIP_vector_type<float, 2u>, HIP_vector_type<float, 2u>*) [clone .kd]",0,0,473,248167,248167,4194304,256,0,0,12,24,318720,0x7fc11282d980,0x7fc01219d6c0,524288,18016367,2017841208,477233148089531,477233148047640,477233150978692,477233151019458
159,"void benchmark_func<double, 256, 8u, 256u>(double, double*) [clone .kd]",0,0,476,248167,248167,4194304,256,0,0,12,24,321472,0x7fc11282d800,0x7fc01219d700,524288,19429221,2176075600,477233151033138,477233150978692,477233153957744,477233154005354
160,"void benchmark_func<__half2, 256, 8u, 256u>(__half2, __half2*) [clone .kd]",0,0,479,248167,248167,4194304,256,0,0,8,24,324224,0x7fc11282d680,0x7fc01219d740,524288,19671633,2203159604,477233154018654,477233153957744,477233156925597,477233156966521
161,"void benchmark_func<int, 256, 8u, 256u>(int, int*) [clone .kd]",0,0,482,248167,248167,4194304,256,0,0,8,24,326464,0x7fc114adc500,0x7fc01219d780,524288,11889484,1331658684,477233156978930,477233156925597,477233160984014,477233161026253
162,"void benchmark_func<float, 256, 8u, 512u>(float, float*) [clone .kd]",0,0,485,248167,248167,4194304,256,0,0,8,24,329216,0x7fc114adc380,0x7fc01219d7c0,524288,11797076,1321271680,477233161046823,477233160984014,477233165018751,477233165061586
163,"void benchmark_func<HIP_vector_type<float, 2u>, 256, 8u, 512u>(HIP_vector_type<float, 2u>, HIP_vector_type<float, 2u>*) [clone .kd]",0,0,488,248167,248167,4194304,256,0,0,12,24,331968,0x7fc114adc200,0x7fc01219d800,524288,12196356,1365986104,477233165074976,477233165018751,477233169120528,477233169162968
164,"void benchmark_func<double, 256, 8u, 512u>(double, double*) [clone .kd]",0,0,491,248167,248167,4194304,256,0,0,12,24,334720,0x7fc114adc080,0x7fc01219d840,524288,12546407,1405139348,477233169176828,477233169120528,477233173211265,477233173254280
165,"void benchmark_func<__half2, 256, 8u, 512u>(__half2, __half2*) [clone .kd]",0,0,494,248167,248167,4194304,256,0,0,8,24,337472,0x7fc11282df00,0x7fc01219d880,524288,11676331,1307710592,477233173268670,477233173211265,477233177253362,477233177297323
166,"void benchmark_func<int, 256, 8u, 512u>(int, int*) [clone .kd]",0,0,497,248167,248167,4194304,256,0,0,8,24,0,0x7fc11282dd80,0x7fc01219d8c0,524288,12600096,1411169116,477233177310223,477233177253362,477233183802829,477233183854362
