Index,KernelName,gpu-id,queue-id,queue-index,pid,tid,grd,wgr,lds,scr,vgpr,sgpr,fbar,sig,obj,SQ_INSTS_SMEM,SQ_INST_LEVEL_SMEM,SQ_ACCUM_PREV_HIRES,DispatchNs,BeginNs,EndNs,CompleteNs
0,"__amd_rocclr_fillBufferAligned.kd",0,0,0,246483,246483,33554432,256,0,0,4,32,2560,0x0,0x7f695810c8c0,3670016,3538356,395464984,477207879585440,421570247109711,477208027344555,477208027468825
1,"void benchmark_func<short, 256, 8u, 0u>(short, short*) [clone .kd]",0,0,2,246483,246483,32768,256,0,0,12,24,13888,0x0,0x7f685799af80,512,19388,2150120,477208032458148,477208027344555,477208033206497,477208033309610
2,"void benchmark_func<float, 256, 8u, 0u>(float, float*) [clone .kd]",0,0,5,246483,246483,4194304,256,0,0,12,24,14336,0x7f695a32c380,0x7f685799afc0,65536,113952,12736328,477208033252461,477208033206497,477208034616103,477208034704410
3,"void benchmark_func<HIP_vector_type<float, 2u>, 256, 8u, 0u>(HIP_vector_type<float, 2u>, HIP_vector_type<float, 2u>*) [clone .kd]",0,0,8,246483,246483,4194304,256,0,0,16,24,15040,0x7f695a32c200,0x7f685799b000,65536,131444,14879720,477208034724139,477208034616103,477208036126349,477208036217807
4,"void benchmark_func<double, 256, 8u, 0u>(double, double*) [clone .kd]",0,0,11,246483,246483,4194304,256,0,0,16,24,15488,0x7f695a32c080,0x7f685799b040,65536,133812,14855840,477208036231567,477208036126349,477208037628435,477208037716665
5,"void benchmark_func<__half2, 256, 8u, 0u>(__half2, __half2*) [clone .kd]",0,0,14,246483,246483,4194304,256,0,0,12,24,15936,0x7f6958087f00,0x7f685799b080,65536,132650,14923864,477208037729405,477208037628435,477208039022840,477208039111515
6,"void benchmark_func<int, 256, 8u, 0u>(int, int*) [clone .kd]",0,0,17,246483,246483,4194304,256,0,0,12,24,16384,0x7f6958087d80,0x7f685799b0c0,65536,143494,16110240,477208039124725,477208039022840,477208040416446,477208040508415
7,"void benchmark_func<float, 256, 8u, 1u>(float, float*) [clone .kd]",0,0,20,246483,246483,4194304,256,0,0,12,24,17088,0x7f6958087c00,0x7f685799b100,131072,153172,17098328,477208040538224,477208040416446,477208041811171,477208041902845
8,"void benchmark_func<HIP_vector_type<float, 2u>, 256, 8u, 1u>(HIP_vector_type<float, 2u>, HIP_vector_type<float, 2u>*) [clone .kd]",0,0,23,246483,246483,4194304,256,0,0,16,24,17792,0x7f6958087a80,0x7f685799b140,131072,170586,19093568,477208041917535,477208041811171,477208043407658,477208043499061
9,"void benchmark_func<double, 256, 8u, 1u>(double, double*) [clone .kd]",0,0,26,246483,246483,4194304,256,0,0,16,24,18496,0x7f6958087900,0x7f685799b180,65536,131318,14663320,477208043511301,477208043407658,477208044945104,477208045010379
10,"void benchmark_func<__half2, 256, 8u, 1u>(__half2, __half2*) [clone .kd]",0,0,29,246483,246483,4194304,256,0,0,16,24,19200,0x7f6958087780,0x7f685799b1c0,131072,170626,19215112,477208045025049,477208044945104,477208046339989,477208046408259
11,"void benchmark_func<int, 256, 8u, 1u>(int, int*) [clone .kd]",0,0,32,246483,246483,4194304,256,0,0,16,24,19904,0x7f6958087600,0x7f685799b200,131072,175822,19896432,477208046422459,477208046339989,477208047730075,477208047793099
12,"void benchmark_func<float, 256, 8u, 2u>(float, float*) [clone .kd]",0,0,35,246483,246483,4194304,256,0,0,12,24,20608,0x7f695a32c480,0x7f685799b240,131072,169488,18902200,477208047815179,477208047730075,477208049133280,477208049201339
13,"void benchmark_func<HIP_vector_type<float, 2u>, 256, 8u, 2u>(HIP_vector_type<float, 2u>, HIP_vector_type<float, 2u>*) [clone .kd]",0,0,38,246483,246483,4194304,256,0,0,16,24,21312,0x7f695a32c300,0x7f685799b280,131072,167400,18644504,477208049216318,477208049133280,477208050678567,477208050749485
14,"void benchmark_func<double, 256, 8u, 2u>(double, double*) [clone .kd]",0,0,41,246483,246483,4194304,256,0,0,16,24,22016,0x7f695a32c180,0x7f685799b2c0,65536,153890,17330448,477208050763655,477208050678567,477208052200973,477208052270863
15,"void benchmark_func<__half2, 256, 8u, 2u>(__half2, __half2*) [clone .kd]",0,0,44,246483,246483,4194304,256,0,0,16,24,22720,0x7f695a32c000,0x7f685799b300,131072,171302,19391240,477208052286192,477208052200973,477208053603538,477208053666913
16,"void benchmark_func<int, 256, 8u, 2u>(int, int*) [clone .kd]",0,0,47,246483,246483,4194304,256,0,0,12,24,23424,0x7f6958087e80,0x7f685799b340,131072,168314,18873544,477208053680932,477208053603538,477208055019224,477208055058963
17,"void benchmark_func<float, 256, 8u, 3u>(float, float*) [clone .kd]",0,0,50,246483,246483,4194304,256,0,0,12,24,24128,0x7f6958087d00,0x7f685799b380,131072,168932,18884976,477208055080492,477208055019224,477208056417309,477208056481952
18,"void benchmark_func<HIP_vector_type<float, 2u>, 256, 8u, 3u>(HIP_vector_type<float, 2u>, HIP_vector_type<float, 2u>*) [clone .kd]",0,0,53,246483,246483,4194304,256,0,0,16,24,24832,0x7f6958087b80,0x7f685799b3c0,131072,171780,19201568,477208056496612,477208056417309,477208058017476,477208058082478
19,"void benchmark_func<double, 256, 8u, 3u>(double, double*) [clone .kd]",0,0,56,246483,246483,4194304,256,0,0,16,24,25536,0x7f6958087a00,0x7f685799b400,65536,144608,16102552,477208058094837,477208058017476,477208059559242,477208059624635
20,"void benchmark_func<__half2, 256, 8u, 3u>(__half2, __half2*) [clone .kd]",0,0,59,246483,246483,4194304,256,0,0,12,24,26240,0x7f6958087880,0x7f685799b440,131072,175734,19756448,477208059638534,477208059559242,477208060964527,477208061029005
21,"void benchmark_func<int, 256, 8u, 3u>(int, int*) [clone .kd]",0,0,62,246483,246483,4194304,256,0,0,12,24,26944,0x7f6958087700,0x7f685799b480,131072,189316,21175552,477208061043734,477208060964527,477208062423573,477208062488443
22,"void benchmark_func<float, 256, 8u, 4u>(float, float*) [clone .kd]",0,0,65,246483,246483,4194304,256,0,0,12,24,27648,0x7f695a32c580,0x7f685799b4c0,131072,150854,16906920,477208062509263,477208062423573,477208063833179,477208063901163
23,"void benchmark_func<HIP_vector_type<float, 2u>, 256, 8u, 4u>(HIP_vector_type<float, 2u>, HIP_vector_type<float, 2u>*) [clone .kd]",0,0,68,246483,246483,4194304,256,0,0,16,24,28608,0x7f695a32c400,0x7f685799b500,131072,198952,22330168,477208063916413,477208063833179,477208065377665,477208065440660
24,"void benchmark_func<double, 256, 8u, 4u>(double, double*) [clone .kd]",0,0,71,246483,246483,4194304,256,0,0,16,24,29312,0x7f695a32c280,0x7f685799b540,65536,132548,14775192,477208065455260,477208065377665,477208066901351,477208066941048
25,"void benchmark_func<__half2, 256, 8u, 4u>(__half2, __half2*) [clone .kd]",0,0,74,246483,246483,4194304,256,0,0,12,24,30016,0x7f695a32c100,0x7f685799b580,131072,152610,17084248,477208066955188,477208066901351,477208068322797,477208068388237
26,"void benchmark_func<int, 256, 8u, 4u>(int, int*) [clone .kd]",0,0,77,246483,246483,4194304,256,0,0,8,24,30976,0x7f6958087f80,0x7f685799b5c0,131072,182742,20378704,477208068402906,477208068322797,477208069812883,477208069877915
27,"void benchmark_func<float, 256, 8u, 5u>(float, float*) [clone .kd]",0,0,80,246483,246483,4194304,256,0,0,12,24,31680,0x7f6958087e00,0x7f685799b600,131072,172650,19298432,477208069899884,477208069812883,477208071214968,477208071279055
28,"void benchmark_func<HIP_vector_type<float, 2u>, 256, 8u, 5u>(HIP_vector_type<float, 2u>, HIP_vector_type<float, 2u>*) [clone .kd]",0,0,83,246483,246483,4194304,256,0,0,16,24,32640,0x7f6958087c80,0x7f685799b640,131072,154008,17171352,477208071292324,477208071214968,477208072739934,477208072805132
29,"void benchmark_func<double, 256, 8u, 5u>(double, double*) [clone .kd]",0,0,86,246483,246483,4194304,256,0,0,12,24,33600,0x7f6958087b00,0x7f685799b680,65536,134312,14901752,477208072819092,477208072739934,477208074269700,477208074333249
30,"void benchmark_func<__half2, 256, 8u, 5u>(__half2, __half2*) [clone .kd]",0,0,89,246483,246483,4194304,256,0,0,12,24,34560,0x7f6958087980,0x7f685799b6c0,131072,171424,19137248,477208074347669,477208074269700,477208075705226,477208075774908
31,"void benchmark_func<int, 256, 8u, 5u>(int, int*) [clone .kd]",0,0,92,246483,246483,4194304,256,0,0,8,24,35520,0x7f6958087800,0x7f685799b700,131072,169496,18954632,477208075788688,477208075705226,477208077214832,477208077277466
32,"void benchmark_func<float, 256, 8u, 6u>(float, float*) [clone .kd]",0,0,95,246483,246483,4194304,256,0,0,12,24,36224,0x7f6958087680,0x7f685799b740,131072,173514,19431408,477208077300135,477208077214832,477208078650198,477208078712435
33,"void benchmark_func<HIP_vector_type<float, 2u>, 256, 8u, 6u>(HIP_vector_type<float, 2u>, HIP_vector_type<float, 2u>*) [clone .kd]",0,0,98,246483,246483,4194304,256,0,0,12,24,37184,0x7f695a32c500,0x7f685799b780,131072,184510,20581424,477208078726014,477208078650198,477208080185564,477208080251702
34,"void benchmark_func<double, 256, 8u, 6u>(double, double*) [clone .kd]",0,0,101,246483,246483,4194304,256,0,0,12,24,38144,0x7f695a32c380,0x7f685799b7c0,65536,131738,14913984,477208080265001,477208080185564,477208081710690,477208081774979
35,"void benchmark_func<__half2, 256, 8u, 6u>(__half2, __half2*) [clone .kd]",0,0,104,246483,246483,4194304,256,0,0,12,24,39104,0x7f695a32c200,0x7f685799b800,131072,169554,18956416,477208081787879,477208081710690,477208083174056,477208083238488
36,"void benchmark_func<int, 256, 8u, 6u>(int, int*) [clone .kd]",0,0,107,246483,246483,4194304,256,0,0,8,24,40320,0x7f695a32c080,0x7f685799b840,131072,167904,18669664,477208083251908,477208083174056,477208084696302,477208084765355
37,"void benchmark_func<float, 256, 8u, 7u>(float, float*) [clone .kd]",0,0,110,246483,246483,4194304,256,0,0,12,24,41280,0x7f6958087f00,0x7f685799b880,131072,171782,19258944,477208084786865,477208084696302,477208086136467,477208086200924
38,"void benchmark_func<HIP_vector_type<float, 2u>, 256, 8u, 7u>(HIP_vector_type<float, 2u>, HIP_vector_type<float, 2u>*) [clone .kd]",0,0,113,246483,246483,4194304,256,0,0,12,24,42240,0x7f6958087d80,0x7f685799b8c0,131072,168642,18775808,477208086214394,477208086136467,477208087676953,477208087741461
39,"void benchmark_func<double, 256, 8u, 7u>(double, double*) [clone .kd]",0,0,116,246483,246483,4194304,256,0,0,12,24,43200,0x7f6958087c00,0x7f685799b900,65536,109386,12465688,477208087755291,477208087676953,477208089197760,477208089260489
40,"void benchmark_func<__half2, 256, 8u, 7u>(__half2, __half2*) [clone .kd]",0,0,119,246483,246483,4194304,256,0,0,8,24,44160,0x7f6958087a80,0x7f685799b940,131072,172950,19258096,477208089273858,477208089197791,477208090675397,477208090741677
41,"void benchmark_func<int, 256, 8u, 7u>(int, int*) [clone .kd]",0,0,122,246483,246483,4194304,256,0,0,12,24,45376,0x7f6958087900,0x7f685799b980,131072,165766,18677848,477208090754686,477208090675397,477208092206762,477208092273294
42,"void benchmark_func<float, 256, 8u, 8u>(float, float*) [clone .kd]",0,0,125,246483,246483,4194304,256,0,0,12,24,46336,0x7f6958087780,0x7f685799b9c0,131072,167042,18736984,477208092295253,477208092206762,477208093684368,477208093754332
43,"void benchmark_func<HIP_vector_type<float, 2u>, 256, 8u, 8u>(HIP_vector_type<float, 2u>, HIP_vector_type<float, 2u>*) [clone .kd]",0,0,128,246483,246483,4194304,256,0,0,12,24,47552,0x7f6958087600,0x7f685799ba00,131072,167350,18753592,477208093768562,477208093684368,477208095247095,477208095311748
44,"void benchmark_func<double, 256, 8u, 8u>(double, double*) [clone .kd]",0,0,131,246483,246483,4194304,256,0,0,12,24,48512,0x7f695a32c480,0x7f685799ba40,65536,128990,14424832,477208095325188,477208095247095,477208096789821,477208096854605
45,"void benchmark_func<__half2, 256, 8u, 8u>(__half2, __half2*) [clone .kd]",0,0,134,246483,246483,4194304,256,0,0,8,24,49472,0x7f695a32c300,0x7f685799ba80,131072,148846,16713480,477208096867775,477208096789821,477208098279587,477208098343964
46,"void benchmark_func<int, 256, 8u, 8u>(int, int*) [clone .kd]",0,0,137,246483,246483,4194304,256,0,0,12,24,50688,0x7f695a32c180,0x7f685799bac0,131072,154608,17340592,477208098356993,477208098279587,477208099798313,477208099862451
47,"void benchmark_func<float, 256, 8u, 9u>(float, float*) [clone .kd]",0,0,140,246483,246483,4194304,256,0,0,12,24,51648,0x7f695a32c000,0x7f685799bb00,131072,192524,21517816,477208099884981,477208099798313,477208101284079,477208101348069
48,"void benchmark_func<HIP_vector_type<float, 2u>, 256, 8u, 9u>(HIP_vector_type<float, 2u>, HIP_vector_type<float, 2u>*) [clone .kd]",0,0,143,246483,246483,4194304,256,0,0,12,24,52864,0x7f6958087e80,0x7f685799bb40,131072,166526,18725888,477208101361609,477208101284079,477208102843445,477208102907476
49,"void benchmark_func<double, 256, 8u, 9u>(double, double*) [clone .kd]",0,0,146,246483,246483,4194304,256,0,0,12,24,54080,0x7f6958087d00,0x7f685799bb80,65536,135072,14975624,477208102921005,477208102843445,477208104384251,477208104449573
50,"void benchmark_func<__half2, 256, 8u, 9u>(__half2, __half2*) [clone .kd]",0,0,149,246483,246483,4194304,256,0,0,8,24,55296,0x7f6958087b80,0x7f685799bbc0,131072,166956,18779120,477208104463612,477208104384251,477208105877697,477208105941571
51,"void benchmark_func<int, 256, 8u, 9u>(int, int*) [clone .kd]",0,0,152,246483,246483,4194304,256,0,0,12,24,56768,0x7f6958087a00,0x7f685799bc00,131072,172142,19212944,477208105954830,477208105877697,477208107400264,477208107464678
52,"void benchmark_func<float, 256, 8u, 10u>(float, float*) [clone .kd]",0,0,155,246483,246483,4194304,256,0,0,12,24,57728,0x7f6958087880,0x7f685799bc40,131072,195658,21886688,477208107485487,477208107400264,477208108886350,477208108950126
53,"void benchmark_func<HIP_vector_type<float, 2u>, 256, 8u, 10u>(HIP_vector_type<float, 2u>, HIP_vector_type<float, 2u>*) [clone .kd]",0,0,158,246483,246483,4194304,256,0,0,12,24,58944,0x7f6958087700,0x7f685799bc80,131072,148742,16711552,477208108964446,477208108886350,477208110459956,477208110529192
54,"void benchmark_func<double, 256, 8u, 10u>(double, double*) [clone .kd]",0,0,161,246483,246483,4194304,256,0,0,12,24,60160,0x7f695a32c580,0x7f685799bcc0,65536,154950,17338872,477208110542542,477208110459956,477208112002042,477208112070409
55,"void benchmark_func<__half2, 256, 8u, 10u>(__half2, __half2*) [clone .kd]",0,0,164,246483,246483,4194304,256,0,0,8,24,61376,0x7f695a32c400,0x7f685799bd00,131072,166364,18638528,477208112084378,477208112002042,477208113512928,477208113575466
56,"void benchmark_func<int, 256, 8u, 10u>(int, int*) [clone .kd]",0,0,167,246483,246483,4194304,256,0,0,12,24,62848,0x7f695a32c280,0x7f685799bd40,131072,164190,18540840,477208113589076,477208113512928,477208115028934,477208115071814
57,"void benchmark_func<float, 256, 8u, 11u>(float, float*) [clone .kd]",0,0,170,246483,246483,4194304,256,0,0,12,24,63808,0x7f695a32c100,0x7f685799bd80,131072,165456,18677536,477208115094254,477208115028934,477208116521260,477208116587382
58,"void benchmark_func<HIP_vector_type<float, 2u>, 256, 8u, 11u>(HIP_vector_type<float, 2u>, HIP_vector_type<float, 2u>*) [clone .kd]",0,0,173,246483,246483,4194304,256,0,0,12,24,65024,0x7f6958087f80,0x7f685799bdc0,131072,150898,16975800,477208116601811,477208116521260,477208118093587,477208118158118
59,"void benchmark_func<double, 256, 8u, 11u>(double, double*) [clone .kd]",0,0,176,246483,246483,4194304,256,0,0,12,24,66240,0x7f6958087e00,0x7f685799be00,65536,141284,15831648,477208118171818,477208118093587,477208119638393,477208119702305
60,"void benchmark_func<__half2, 256, 8u, 11u>(__half2, __half2*) [clone .kd]",0,0,179,246483,246483,4194304,256,0,0,8,24,67456,0x7f6958087c80,0x7f685799be40,131072,167362,18762640,477208119715825,477208119638393,477208121160959,477208121225842
61,"void benchmark_func<int, 256, 8u, 11u>(int, int*) [clone .kd]",0,0,182,246483,246483,4194304,256,0,0,12,24,68928,0x7f6958087b00,0x7f685799be80,131072,171088,19171272,477208121239732,477208121160959,477208122683525,477208122747680
62,"void benchmark_func<float, 256, 8u, 12u>(float, float*) [clone .kd]",0,0,185,246483,246483,4194304,256,0,0,12,24,70144,0x7f6958087980,0x7f685799bec0,131072,148338,16557792,477208122769509,477208122683525,477208124169771,477208124235638
63,"void benchmark_func<HIP_vector_type<float, 2u>, 256, 8u, 12u>(HIP_vector_type<float, 2u>, HIP_vector_type<float, 2u>*) [clone .kd]",0,0,188,246483,246483,4194304,256,0,0,12,24,71616,0x7f6958087800,0x7f685799bf00,131072,173864,19398808,477208124249857,477208124169771,477208125713457,477208125775705
64,"void benchmark_func<double, 256, 8u, 12u>(double, double*) [clone .kd]",0,0,191,246483,246483,4194304,256,0,0,12,24,72832,0x7f6958087680,0x7f685799bf40,65536,134326,14988536,477208125788354,477208125713457,477208127270104,477208127317521
65,"void benchmark_func<__half2, 256, 8u, 12u>(__half2, __half2*) [clone .kd]",0,0,194,246483,246483,4194304,256,0,0,8,24,74048,0x7f695a32c500,0x7f685799bf80,131072,150668,16764096,477208127331591,477208127270104,477208128787550,477208128852268
66,"void benchmark_func<int, 256, 8u, 12u>(int, int*) [clone .kd]",0,0,197,246483,246483,4194304,256,0,0,12,24,75776,0x7f695a32c380,0x7f685799bfc0,131072,148638,16763704,477208128866148,477208128787550,477208130314436,477208130379276
67,"void benchmark_func<float, 256, 8u, 13u>(float, float*) [clone .kd]",0,0,200,246483,246483,4194304,256,0,0,12,24,76992,0x7f695a32c200,0x7f685799c000,131072,166714,18560928,477208130399865,477208130314436,477208131814922,477208131878793
68,"void benchmark_func<HIP_vector_type<float, 2u>, 256, 8u, 13u>(HIP_vector_type<float, 2u>, HIP_vector_type<float, 2u>*) [clone .kd]",0,0,203,246483,246483,4194304,256,0,0,12,24,78464,0x7f695a32c080,0x7f685799c040,131072,192972,21558608,477208131892073,477208131814922,477208133372048,477208133436900
69,"void benchmark_func<double, 256, 8u, 13u>(double, double*) [clone .kd]",0,0,206,246483,246483,4194304,256,0,0,12,24,79936,0x7f6958087f00,0x7f685799c080,65536,135414,15120160,477208133451300,477208133372048,477208134917974,477208134982707
70,"void benchmark_func<__half2, 256, 8u, 13u>(__half2, __half2*) [clone .kd]",0,0,209,246483,246483,4194304,256,0,0,8,24,81408,0x7f6958087d80,0x7f685799c0c0,131072,168080,18801944,477208134996087,477208134917974,477208136438620,477208136509634
71,"void benchmark_func<int, 256, 8u, 13u>(int, int*) [clone .kd]",0,0,212,246483,246483,4194304,256,0,0,12,24,83136,0x7f6958087c00,0x7f685799c100,131072,171226,19098888,477208136523694,477208136438620,477208137967267,477208138030482
72,"void benchmark_func<float, 256, 8u, 14u>(float, float*) [clone .kd]",0,0,215,246483,246483,4194304,256,0,0,12,24,84352,0x7f6958087a80,0x7f685799c140,131072,170864,19208688,477208138064421,477208137967267,477208139476233,477208139516300
73,"void benchmark_func<HIP_vector_type<float, 2u>, 256, 8u, 14u>(HIP_vector_type<float, 2u>, HIP_vector_type<float, 2u>*) [clone .kd]",0,0,218,246483,246483,4194304,256,0,0,12,24,85824,0x7f6958087900,0x7f685799c180,131072,168500,18899456,477208139529210,477208139476233,477208141009999,477208141074736
74,"void benchmark_func<double, 256, 8u, 14u>(double, double*) [clone .kd]",0,0,221,246483,246483,4194304,256,0,0,12,24,87296,0x7f6958087780,0x7f685799c1c0,65536,151874,16929536,477208141088496,477208141009999,477208142553845,477208142619853
75,"void benchmark_func<__half2, 256, 8u, 14u>(__half2, __half2*) [clone .kd]",0,0,224,246483,246483,4194304,256,0,0,12,24,88768,0x7f6958087600,0x7f685799c200,131072,180450,20222032,477208142633613,477208142553845,477208144077051,477208144142800
76,"void benchmark_func<int, 256, 8u, 14u>(int, int*) [clone .kd]",0,0,227,246483,246483,4194304,256,0,0,12,24,90752,0x7f695a32c480,0x7f685799c240,131072,175280,19572888,477208144157100,477208144077051,477208145603777,477208145668078
77,"void benchmark_func<float, 256, 8u, 15u>(float, float*) [clone .kd]",0,0,230,246483,246483,4194304,256,0,0,12,24,91968,0x7f695a32c300,0x7f685799c280,131072,169644,18940192,477208145689377,477208145603777,477208147115463,477208147182225
78,"void benchmark_func<HIP_vector_type<float, 2u>, 256, 8u, 15u>(HIP_vector_type<float, 2u>, HIP_vector_type<float, 2u>*) [clone .kd]",0,0,233,246483,246483,4194304,256,0,0,12,24,93440,0x7f695a32c180,0x7f685799c2c0,131072,170948,19193136,477208147195015,477208147115463,477208148652270,477208148719472
79,"void benchmark_func<double, 256, 8u, 15u>(double, double*) [clone .kd]",0,0,236,246483,246483,4194304,256,0,0,12,24,94912,0x7f695a32c000,0x7f685799c300,65536,131060,14724696,477208148733102,477208148652270,477208150207156,477208150270549
80,"void benchmark_func<__half2, 256, 8u, 15u>(__half2, __half2*) [clone .kd]",0,0,239,246483,246483,4194304,256,0,0,12,24,96384,0x7f6958087e80,0x7f685799c340,131072,172696,19396032,477208150283388,477208150207156,477208151730202,477208151746637
81,"void benchmark_func<int, 256, 8u, 15u>(int, int*) [clone .kd]",0,0,242,246483,246483,4194304,256,0,0,12,24,98368,0x7f6958087d00,0x7f685799c380,131072,194800,22037736,477208151767266,477208151730227,477208153268633,477208153338573
82,"void benchmark_func<float, 256, 8u, 16u>(float, float*) [clone .kd]",0,0,245,246483,246483,4194304,256,0,0,12,24,99584,0x7f6958087b80,0x7f685799c3c0,131072,166744,18728768,477208153360122,477208153268633,477208154779198,477208154844381
83,"void benchmark_func<HIP_vector_type<float, 2u>, 256, 8u, 16u>(HIP_vector_type<float, 2u>, HIP_vector_type<float, 2u>*) [clone .kd]",0,0,248,246483,246483,4194304,256,0,0,12,24,101312,0x7f6958087a00,0x7f685799c400,131072,148674,16653176,477208154859340,477208154779198,477208156333765,477208156399367
84,"void benchmark_func<double, 256, 8u, 16u>(double, double*) [clone .kd]",0,0,251,246483,246483,4194304,256,0,0,12,24,102784,0x7f6958087880,0x7f685799c440,65536,132472,14844632,477208156412897,477208156333765,477208157894091,477208157959194
85,"void benchmark_func<__half2, 256, 8u, 16u>(__half2, __half2*) [clone .kd]",0,0,254,246483,246483,4194304,256,0,0,12,24,104256,0x7f6958087700,0x7f685799c480,131072,153156,16987376,477208157972024,477208157894091,477208159407537,477208159470691
86,"void benchmark_func<int, 256, 8u, 16u>(int, int*) [clone .kd]",0,0,257,246483,246483,4194304,256,0,0,12,24,106240,0x7f695a32c580,0x7f685799c4c0,131072,151802,17000952,477208159483491,477208159407537,477208160936983,477208161006428
87,"void benchmark_func<float, 256, 8u, 17u>(float, float*) [clone .kd]",0,0,260,246483,246483,4194304,256,0,0,12,24,107712,0x7f695a32c400,0x7f685799c500,131072,152682,16928184,477208161029148,477208160936983,477208162453470,477208162517936
88,"void benchmark_func<HIP_vector_type<float, 2u>, 256, 8u, 17u>(HIP_vector_type<float, 2u>, HIP_vector_type<float, 2u>*) [clone .kd]",0,0,263,246483,246483,4194304,256,0,0,16,24,109440,0x7f695a32c280,0x7f685799c540,131072,173670,19494840,477208162531106,477208162453470,477208163988996,477208164040443
89,"void benchmark_func<double, 256, 8u, 17u>(double, double*) [clone .kd]",0,0,266,246483,246483,4194304,256,0,0,16,24,111168,0x7f695a32c100,0x7f685799c580,65536,132880,15024528,477208164053733,477208163988996,477208165545322,477208165609379
90,"void benchmark_func<__half2, 256, 8u, 17u>(__half2, __half2*) [clone .kd]",0,0,269,246483,246483,4194304,256,0,0,8,24,112896,0x7f6958087f80,0x7f685799c5c0,131072,164760,18614592,477208165621959,477208165545322,477208167063088,477208167127587
91,"void benchmark_func<int, 256, 8u, 17u>(int, int*) [clone .kd]",0,0,272,246483,246483,4194304,256,0,0,12,24,115136,0x7f6958087e00,0x7f685799c600,131072,170704,19177560,477208167140716,477208167063088,477208168597495,477208168664954
92,"void benchmark_func<float, 256, 8u, 18u>(float, float*) [clone .kd]",0,0,275,246483,246483,4194304,256,0,0,12,24,116608,0x7f6958087c80,0x7f685799c640,131072,171652,19071248,477208168686443,477208168597495,477208170122621,477208170185501
93,"void benchmark_func<HIP_vector_type<float, 2u>, 256, 8u, 18u>(HIP_vector_type<float, 2u>, HIP_vector_type<float, 2u>*) [clone .kd]",0,0,278,246483,246483,4194304,256,0,0,16,24,118336,0x7f6958087b00,0x7f685799c680,131072,170424,18916568,477208170197891,477208170122621,477208171662467,477208171725298
94,"void benchmark_func<double, 256, 8u, 18u>(double, double*) [clone .kd]",0,0,281,246483,246483,4194304,256,0,0,16,24,120064,0x7f6958087980,0x7f685799c6c0,65536,149666,16894320,477208171738558,477208171662467,477208173217513,477208173282335
95,"void benchmark_func<__half2, 256, 8u, 18u>(__half2, __half2*) [clone .kd]",0,0,284,246483,246483,4194304,256,0,0,12,24,121792,0x7f6958087800,0x7f685799c700,131072,167776,18842008,477208173295715,477208173217513,477208174737999,477208174802682
96,"void benchmark_func<int, 256, 8u, 18u>(int, int*) [clone .kd]",0,0,287,246483,246483,4194304,256,0,0,12,24,124032,0x7f6958087680,0x7f685799c740,131072,173986,19410192,477208174816012,477208174737999,477208176270006,477208176336749
97,"void benchmark_func<float, 256, 8u, 20u>(float, float*) [clone .kd]",0,0,290,246483,246483,4194304,256,0,0,12,24,125504,0x7f695a32c500,0x7f685799c780,131072,170704,19085288,477208176359159,477208176270006,477208177787292,477208177856657
98,"void benchmark_func<HIP_vector_type<float, 2u>, 256, 8u, 20u>(HIP_vector_type<float, 2u>, HIP_vector_type<float, 2u>*) [clone .kd]",0,0,293,246483,246483,4194304,256,0,0,12,24,127488,0x7f695a32c380,0x7f685799c7c0,131072,169180,19048432,477208177869316,477208177787292,477208179353698,477208179418193
99,"void benchmark_func<double, 256, 8u, 20u>(double, double*) [clone .kd]",0,0,296,246483,246483,4194304,256,0,0,12,24,129216,0x7f695a32c200,0x7f685799c800,65536,131330,14516568,477208179431703,477208179353698,477208180924745,477208180989569
100,"void benchmark_func<__half2, 256, 8u, 20u>(__half2, __half2*) [clone .kd]",0,0,299,246483,246483,4194304,256,0,0,12,24,130944,0x7f695a32c080,0x7f685799c840,131072,148764,16772960,477208181004049,477208180924745,477208182446831,477208182511086
101,"void benchmark_func<int, 256, 8u, 20u>(int, int*) [clone .kd]",0,0,302,246483,246483,4194304,256,0,0,12,24,133440,0x7f6958087f00,0x7f685799c880,131072,152608,17051792,477208182525266,477208182446831,477208183975317,477208184040614
102,"void benchmark_func<float, 256, 8u, 22u>(float, float*) [clone .kd]",0,0,305,246483,246483,4194304,256,0,0,12,24,134912,0x7f6958087d80,0x7f685799c8c0,131072,232278,25976768,477208184062803,477208183975317,477208185504923,477208185569101
103,"void benchmark_func<HIP_vector_type<float, 2u>, 256, 8u, 22u>(HIP_vector_type<float, 2u>, HIP_vector_type<float, 2u>*) [clone .kd]",0,0,308,246483,246483,4194304,256,0,0,12,24,136896,0x7f6958087c00,0x7f685799c900,131072,150122,16819504,477208185582200,477208185504923,477208187078690,477208187143247
104,"void benchmark_func<double, 256, 8u, 22u>(double, double*) [clone .kd]",0,0,311,246483,246483,4194304,256,0,0,12,24,138880,0x7f6958087a80,0x7f685799c940,65536,135946,15089128,477208187157537,477208187078690,477208188664616,477208188732233
105,"void benchmark_func<__half2, 256, 8u, 22u>(__half2, __half2*) [clone .kd]",0,0,314,246483,246483,4194304,256,0,0,12,24,140864,0x7f6958087900,0x7f685799c980,131072,172556,19286608,477208188746403,477208188664616,477208190187822,477208190253990
106,"void benchmark_func<int, 256, 8u, 22u>(int, int*) [clone .kd]",0,0,317,246483,246483,4194304,256,0,0,12,24,143616,0x7f6958087780,0x7f685799c9c0,131072,168794,18955512,477208190268100,477208190187822,477208191720789,477208191784438
107,"void benchmark_func<float, 256, 8u, 24u>(float, float*) [clone .kd]",0,0,320,246483,246483,4194304,256,0,0,12,24,145344,0x7f6958087600,0x7f685799ca00,131072,232976,26070224,477208191805807,477208191720789,477208193240635,477208193304365
108,"void benchmark_func<HIP_vector_type<float, 2u>, 256, 8u, 24u>(HIP_vector_type<float, 2u>, HIP_vector_type<float, 2u>*) [clone .kd]",0,0,323,246483,246483,4194304,256,0,0,12,24,147584,0x7f695a32c480,0x7f685799ca40,131072,173704,19434424,477208193318045,477208193240635,477208194822241,477208194889131
109,"void benchmark_func<double, 256, 8u, 24u>(double, double*) [clone .kd]",0,0,326,246483,246483,4194304,256,0,0,12,24,149568,0x7f695a32c300,0x7f685799ca80,65536,132470,14851144,477208194903431,477208194822241,477208196433448,477208196498796
110,"void benchmark_func<__half2, 256, 8u, 24u>(__half2, __half2*) [clone .kd]",0,0,329,246483,246483,4194304,256,0,0,12,24,151552,0x7f695a32c180,0x7f685799cac0,131072,183632,20444624,477208196512336,477208196433448,477208197959054,477208198025574
111,"void benchmark_func<int, 256, 8u, 24u>(int, int*) [clone .kd]",0,0,332,246483,246483,4194304,256,0,0,12,24,154304,0x7f695a32c000,0x7f685799cb00,131072,145668,16456936,477208198038803,477208197959054,477208199497300,477208199562650
112,"void benchmark_func<float, 256, 8u, 28u>(float, float*) [clone .kd]",0,0,335,246483,246483,4194304,256,0,0,12,24,156288,0x7f6958087e80,0x7f685799cb40,131072,214972,24209104,477208199583690,477208199497300,477208201014106,477208201079598
113,"void benchmark_func<HIP_vector_type<float, 2u>, 256, 8u, 28u>(HIP_vector_type<float, 2u>, HIP_vector_type<float, 2u>*) [clone .kd]",0,0,338,246483,246483,4194304,256,0,0,12,24,158784,0x7f6958087d00,0x7f685799cb80,131072,168058,18822136,477208201093728,477208201014106,477208202670913,477208202735472
114,"void benchmark_func<double, 256, 8u, 28u>(double, double*) [clone .kd]",0,0,341,246483,246483,4194304,256,0,0,12,24,161024,0x7f6958087b80,0x7f685799cbc0,65536,130140,14683240,477208202749802,477208202670913,477208204299880,477208204365657
115,"void benchmark_func<__half2, 256, 8u, 28u>(__half2, __half2*) [clone .kd]",0,0,344,246483,246483,4194304,256,0,0,12,24,163264,0x7f6958087a00,0x7f685799cc00,131072,149776,16913808,477208204379347,477208204299880,477208205830126,477208205897375
116,"void benchmark_func<int, 256, 8u, 28u>(int, int*) [clone .kd]",0,0,347,246483,246483,4194304,256,0,0,12,24,166528,0x7f6958087880,0x7f685799cc40,131072,148844,16730864,477208205912444,477208205830126,477208207363572,477208207427952
117,"void benchmark_func<float, 256, 8u, 32u>(float, float*) [clone .kd]",0,0,350,246483,246483,4194304,256,0,0,12,24,168512,0x7f6958087700,0x7f685799cc80,131072,232804,26072656,477208207450441,477208207363572,477208208889658,477208208952449
118,"void benchmark_func<HIP_vector_type<float, 2u>, 256, 8u, 32u>(HIP_vector_type<float, 2u>, HIP_vector_type<float, 2u>*) [clone .kd]",0,0,353,246483,246483,4194304,256,0,0,12,24,171264,0x7f695a32c580,0x7f685799ccc0,131072,182018,20331096,477208208965829,477208208889658,477208210522625,477208210586344
119,"void benchmark_func<double, 256, 8u, 32u>(double, double*) [clone .kd]",0,0,356,246483,246483,4194304,256,0,0,12,24,173760,0x7f695a32c400,0x7f685799cd00,65536,133364,14983904,477208210601374,477208210522625,477208212178152,477208212243098
120,"void benchmark_func<__half2, 256, 8u, 32u>(__half2, __half2*) [clone .kd]",0,0,359,246483,246483,4194304,256,0,0,12,24,176256,0x7f695a32c280,0x7f685799cd40,131072,189266,21224272,477208212257078,477208212178152,477208213715278,477208213779195
121,"void benchmark_func<int, 256, 8u, 32u>(int, int*) [clone .kd]",0,0,362,246483,246483,4194304,256,0,0,12,24,179776,0x7f695a32c100,0x7f685799cd80,131072,149714,16776296,477208213793565,477208213715278,477208215273204,477208215338732
122,"void benchmark_func<float, 256, 8u, 40u>(float, float*) [clone .kd]",0,0,365,246483,246483,4194304,256,0,0,12,24,182272,0x7f6958087f80,0x7f685799cdc0,131072,218230,24116960,477208215361911,477208215273186,477208216806311,477208216875289
123,"void benchmark_func<HIP_vector_type<float, 2u>, 256, 8u, 40u>(HIP_vector_type<float, 2u>, HIP_vector_type<float, 2u>*) [clone .kd]",0,0,368,246483,246483,4194304,256,0,0,12,24,185536,0x7f6958087e00,0x7f685799ce00,131072,170042,19067536,477208216889039,477208216806311,477208218481678,477208218546933
124,"void benchmark_func<double, 256, 8u, 40u>(double, double*) [clone .kd]",0,0,371,246483,246483,4194304,256,0,0,12,24,188544,0x7f6958087c80,0x7f685799ce40,65536,134080,14967360,477208218560283,477208218481678,477208220144564,477208220213217
125,"void benchmark_func<__half2, 256, 8u, 40u>(__half2, __half2*) [clone .kd]",0,0,374,246483,246483,4194304,256,0,0,12,24,191552,0x7f6958087b00,0x7f685799ce80,131072,154270,17229416,477208220227027,477208220144564,477208221672251,477208221735024
126,"void benchmark_func<int, 256, 8u, 40u>(int, int*) [clone .kd]",0,0,377,246483,246483,4194304,256,0,0,12,24,195840,0x7f6958087980,0x7f685799cec0,131072,154418,17249016,477208221748394,477208221672251,477208223287777,477208223350000
127,"void benchmark_func<float, 256, 8u, 48u>(float, float*) [clone .kd]",0,0,380,246483,246483,4194304,256,0,0,12,24,198592,0x7f6958087800,0x7f685799cf00,131072,231434,25921512,477208223372909,477208223287777,477208224833543,477208224902196
128,"void benchmark_func<HIP_vector_type<float, 2u>, 256, 8u, 48u>(HIP_vector_type<float, 2u>, HIP_vector_type<float, 2u>*) [clone .kd]",0,0,383,246483,246483,4194304,256,0,0,12,24,202368,0x7f6958087680,0x7f685799cf40,131072,216306,24302648,477208224915346,477208224833543,477208226534190,477208226598360
129,"void benchmark_func<double, 256, 8u, 48u>(double, double*) [clone .kd]",0,0,386,246483,246483,4194304,256,0,0,12,24,205888,0x7f695a32c500,0x7f685799cf80,65536,130216,14576968,477208226612570,477208226534190,477208228222997,477208228292504
130,"void benchmark_func<__half2, 256, 8u, 48u>(__half2, __half2*) [clone .kd]",0,0,389,246483,246483,4194304,256,0,0,12,24,209408,0x7f695a32c380,0x7f685799cfc0,131072,148304,16494432,477208228306204,477208228222997,477208229758363,477208229821091
131,"void benchmark_func<int, 256, 8u, 48u>(int, int*) [clone .kd]",0,0,392,246483,246483,4194304,256,0,0,12,24,214464,0x7f695a32c200,0x7f685799d000,131072,149900,16827800,477208229834621,477208229758363,477208231396930,477208231459726
132,"void benchmark_func<float, 256, 8u, 56u>(float, float*) [clone .kd]",0,0,395,246483,246483,4194304,256,0,0,12,24,217728,0x7f695a32c080,0x7f685799d040,131072,233936,26201264,477208231480725,477208231396930,477208232947656,477208233015392
133,"void benchmark_func<HIP_vector_type<float, 2u>, 256, 8u, 56u>(HIP_vector_type<float, 2u>, HIP_vector_type<float, 2u>*) [clone .kd]",0,0,398,246483,246483,4194304,256,0,0,12,24,222016,0x7f6958087f00,0x7f685799d080,131072,241354,27090512,477208233028902,477208232947656,477208234655183,477208234723186
134,"void benchmark_func<double, 256, 8u, 56u>(double, double*) [clone .kd]",0,0,401,246483,246483,4194304,256,0,0,12,24,226048,0x7f6958087d80,0x7f685799d0c0,65536,133714,14883952,477208234736645,477208234655183,477208236367030,477208236435519
135,"void benchmark_func<__half2, 256, 8u, 56u>(__half2, __half2*) [clone .kd]",0,0,404,246483,246483,4194304,256,0,0,12,24,230080,0x7f6958087c00,0x7f685799d100,131072,150468,16891576,477208236448959,477208236367030,477208237909436,477208237976806
136,"void benchmark_func<int, 256, 8u, 56u>(int, int*) [clone .kd]",0,0,407,246483,246483,4194304,256,0,0,12,24,235904,0x7f6958087a80,0x7f685799d140,131072,158216,17758144,477208237990445,477208237909436,477208239609283,477208239678279
137,"void benchmark_func<float, 256, 8u, 64u>(float, float*) [clone .kd]",0,0,410,246483,246483,4194304,256,0,0,12,24,239424,0x7f6958087900,0x7f685799d180,131072,237922,26649640,477208239699409,477208239609283,477208241163849,477208241228586
138,"void benchmark_func<HIP_vector_type<float, 2u>, 256, 8u, 64u>(HIP_vector_type<float, 2u>, HIP_vector_type<float, 2u>*) [clone .kd]",0,0,413,246483,246483,4194304,256,0,0,12,24,244224,0x7f6958087780,0x7f685799d1c0,131072,213210,23775240,477208241241776,477208241163849,477208242885776,477208242949859
139,"void benchmark_func<double, 256, 8u, 64u>(double, double*) [clone .kd]",0,0,416,246483,246483,4194304,256,0,0,12,24,248768,0x7f6958087600,0x7f685799d200,65536,132402,14907488,477208242963859,477208242885776,477208244601303,477208244667852
140,"void benchmark_func<__half2, 256, 8u, 64u>(__half2, __half2*) [clone .kd]",0,0,419,246483,246483,4194304,256,0,0,12,24,253312,0x7f695a32c480,0x7f685799d240,131072,149224,16696912,477208244680872,477208244601303,477208246155869,477208246226459
141,"void benchmark_func<int, 256, 8u, 64u>(int, int*) [clone .kd]",0,0,422,246483,246483,4194304,256,0,0,8,24,255552,0x7f695a32c300,0x7f685799d280,131072,329794,36993184,477208246240069,477208246155869,477208249127721,477208249195765
142,"void benchmark_func<float, 256, 8u, 80u>(float, float*) [clone .kd]",0,0,425,246483,246483,4194304,256,0,0,12,24,259840,0x7f695a32c180,0x7f685799d2c0,131072,230666,25863240,477208249217705,477208249127721,477208250689488,477208250751922
143,"void benchmark_func<HIP_vector_type<float, 2u>, 256, 8u, 80u>(HIP_vector_type<float, 2u>, HIP_vector_type<float, 2u>*) [clone .kd]",0,0,428,246483,246483,4194304,256,0,0,12,24,265664,0x7f695a32c000,0x7f685799d300,131072,218056,24439144,477208250765271,477208250689488,477208252418135,477208252485674
144,"void benchmark_func<double, 256, 8u, 80u>(double, double*) [clone .kd]",0,0,431,246483,246483,4194304,256,0,0,12,24,271232,0x7f6958087e80,0x7f685799d340,65536,135784,15198936,477208252500014,477208252418135,477208254165662,477208254233587
145,"void benchmark_func<__half2, 256, 8u, 80u>(__half2, __half2*) [clone .kd]",0,0,434,246483,246483,4194304,256,0,0,8,24,273216,0x7f6958087d00,0x7f685799d380,131072,295524,33258088,477208254247286,477208254165662,477208257052073,477208257118615
146,"void benchmark_func<int, 256, 8u, 80u>(int, int*) [clone .kd]",0,0,437,246483,246483,4194304,256,0,0,8,24,275712,0x7f6958087b80,0x7f685799d3c0,131072,309352,34494344,477208257132174,477208257052073,477208259998325,477208260058871
147,"void benchmark_func<float, 256, 8u, 96u>(float, float*) [clone .kd]",0,0,440,246483,246483,4194304,256,0,0,12,24,280768,0x7f6958087a00,0x7f685799d400,131072,261312,29408600,477208260081081,477208259998325,477208261580892,477208261644088
148,"void benchmark_func<HIP_vector_type<float, 2u>, 256, 8u, 96u>(HIP_vector_type<float, 2u>, HIP_vector_type<float, 2u>*) [clone .kd]",0,0,443,246483,246483,4194304,256,0,0,12,24,287616,0x7f6958087880,0x7f685799d440,131072,275048,30708904,477208261656577,477208261580892,477208263341859,477208263404830
149,"void benchmark_func<double, 256, 8u, 96u>(double, double*) [clone .kd]",0,0,446,246483,246483,4194304,256,0,0,12,24,294208,0x7f6958087700,0x7f685799d480,65536,132504,14789128,477208263418690,477208263341859,477208265115466,477208265181362
150,"void benchmark_func<__half2, 256, 8u, 96u>(__half2, __half2*) [clone .kd]",0,0,449,246483,246483,4194304,256,0,0,8,24,296960,0x7f695a32c580,0x7f685799d4c0,131072,303778,33934496,477208265194382,477208265115466,477208268772121,477208268842073
151,"void benchmark_func<int, 256, 8u, 96u>(int, int*) [clone .kd]",0,0,452,246483,246483,4194304,256,0,0,8,24,299968,0x7f695a32c400,0x7f685799d500,131072,372400,41822216,477208268857383,477208268772121,477208272456936,477208272526874
152,"void benchmark_func<float, 256, 8u, 128u>(float, float*) [clone .kd]",0,0,455,246483,246483,4194304,256,0,0,8,24,302720,0x7f695a32c280,0x7f685799d540,131072,422216,47206144,477208272548534,477208272456936,477208276165910,477208276235954
153,"void benchmark_func<HIP_vector_type<float, 2u>, 256, 8u, 128u>(HIP_vector_type<float, 2u>, HIP_vector_type<float, 2u>*) [clone .kd]",0,0,458,246483,246483,4194304,256,0,0,12,24,305472,0x7f695a32c100,0x7f685799d580,131072,361064,40608144,477208276249674,477208276165970,477208279843745,477208279917355
154,"void benchmark_func<double, 256, 8u, 128u>(double, double*) [clone .kd]",0,0,461,246483,246483,4194304,256,0,0,12,24,308224,0x7f6958087f80,0x7f685799d5c0,65536,171780,19196928,477208279930455,477208279843745,477208282884877,477208282956250
155,"void benchmark_func<__half2, 256, 8u, 128u>(__half2, __half2*) [clone .kd]",0,0,464,246483,246483,4194304,256,0,0,8,24,310976,0x7f6958087e00,0x7f685799d600,131072,317340,35369024,477208282970300,477208282884877,477208285878329,477208285951356
156,"void benchmark_func<int, 256, 8u, 128u>(int, int*) [clone .kd]",0,0,467,246483,246483,4194304,256,0,0,8,24,313216,0x7f6958087c80,0x7f685799d640,131072,316308,35568064,477208285965796,477208285878329,477208288950662,477208289029120
157,"void benchmark_func<float, 256, 8u, 256u>(float, float*) [clone .kd]",0,0,470,246483,246483,4194304,256,0,0,8,24,315968,0x7f6958087b00,0x7f685799d680,131072,309652,34891568,477208289051069,477208288950662,477208291904594,477208291970836
158,"void benchmark_func<HIP_vector_type<float, 2u>, 256, 8u, 256u>(HIP_vector_type<float, 2u>, HIP_vector_type<float, 2u>*) [clone .kd]",0,0,473,246483,246483,4194304,256,0,0,12,24,318720,0x7f6958087980,0x7f685799d6c0,131072,299848,33292688,477208291984436,477208291904594,477208294856126,477208294926793
159,"void benchmark_func<double, 256, 8u, 256u>(double, double*) [clone .kd]",0,0,476,246483,246483,4194304,256,0,0,12,24,321472,0x7f6958087800,0x7f685799d700,65536,167094,18660528,477208294940793,477208294856126,477208297808138,477208297882110
160,"void benchmark_func<__half2, 256, 8u, 256u>(__half2, __half2*) [clone .kd]",0,0,479,246483,246483,4194304,256,0,0,8,24,324224,0x7f6958087680,0x7f685799d740,131072,363134,40804240,477208297896339,477208297808138,477208300757430,477208300827457
161,"void benchmark_func<int, 256, 8u, 256u>(int, int*) [clone .kd]",0,0,482,246483,246483,4194304,256,0,0,8,24,326464,0x7f695a32c500,0x7f685799d780,131072,405576,45390224,477208300841796,477208300757430,477208304816967,477208304886239
162,"void benchmark_func<float, 256, 8u, 512u>(float, float*) [clone .kd]",0,0,485,246483,246483,4194304,256,0,0,8,24,329216,0x7f695a32c380,0x7f685799d7c0,131072,428076,47819760,477208304908109,477208304816967,477208308853304,477208308924703
163,"void benchmark_func<HIP_vector_type<float, 2u>, 256, 8u, 512u>(HIP_vector_type<float, 2u>, HIP_vector_type<float, 2u>*) [clone .kd]",0,0,488,246483,246483,4194304,256,0,0,12,24,331968,0x7f695a32c200,0x7f685799d800,131072,385766,43173088,477208308938652,477208308853304,477208312957801,477208313029614
164,"void benchmark_func<double, 256, 8u, 512u>(double, double*) [clone .kd]",0,0,491,246483,246483,4194304,256,0,0,12,24,334720,0x7f695a32c080,0x7f685799d840,65536,214328,23893488,477208313043674,477208312957801,477208317057017,477208317129166
165,"void benchmark_func<__half2, 256, 8u, 512u>(__half2, __half2*) [clone .kd]",0,0,494,246483,246483,4194304,256,0,0,8,24,337472,0x7f6958087f00,0x7f685799d880,131072,383004,43012480,477208317143456,477208317057017,477208321100874,477208321173050
166,"void benchmark_func<int, 256, 8u, 512u>(int, int*) [clone .kd]",0,0,497,246483,246483,4194304,256,0,0,8,24,0,0x7f6958087d80,0x7f685799d8c0,131072,536686,60304600,477208321187409,477208321100874,477208327654821,477208327731249
