Index,KernelName,gpu-id,queue-id,queue-index,pid,tid,grd,wgr,lds,scr,vgpr,sgpr,fbar,sig,obj,GRBM_COUNT,GRBM_GUI_ACTIVE,CPC_ME1_BUSY_FOR_PACKET_DECODE,SQ_CYCLES,SQ_WAVES,SQ_WAVE_CYCLES,SQ_BUSY_CYCLES,SQ_LEVEL_WAVES,SQ_ACCUM_PREV_HIRES,DispatchNs,BeginNs,EndNs,CompleteNs
0,"__amd_rocclr_fillBufferAligned.kd",0,0,0,246845,246845,33554432,256,0,0,4,32,2560,0x0,0x7f9f7b4448c0,3783788,3783788,2037375,30270312,524288,876300442,14154360,0,3519726848,477210193371950,477209490347411,477210340681804,477210340799634
1,"void benchmark_func<short, 256, 8u, 0u>(short, short*) [clone .kd]",0,0,2,246845,246845,32768,256,0,0,12,24,13888,0x0,0x7f9e7ad9af80,1021668,1021668,1009659,8173352,512,1221283,91189,0,4898920,477210345751778,477210340681804,477210346501672,477210346600029
2,"void benchmark_func<float, 256, 8u, 0u>(float, float*) [clone .kd]",0,0,5,246845,246845,4194304,256,0,0,12,24,14336,0x7f9f7d6ea380,0x7f9e7ad9afc0,1250705,1250705,1013350,10005648,65536,117901166,1897726,0,473348524,477210346553410,477210346501672,477210347905040,477210347974970
3,"void benchmark_func<HIP_vector_type<float, 2u>, 256, 8u, 0u>(HIP_vector_type<float, 2u>, HIP_vector_type<float, 2u>*) [clone .kd]",0,0,8,246845,246845,4194304,256,0,0,16,24,15040,0x7f9f7d6ea200,0x7f9e7ad9b000,1413710,1413710,1015418,11309688,65536,150360850,3228831,0,603183668,477210347996259,477210347905040,477210349408087,477210349499187
4,"void benchmark_func<double, 256, 8u, 0u>(double, double*) [clone .kd]",0,0,11,246845,246845,4194304,256,0,0,16,24,15488,0x7f9f7d6ea080,0x7f9e7ad9b040,1419425,1419425,1016111,11355408,65536,152263196,3274642,0,610793032,477210349514907,477210349408087,477210350918495,477210351008445
5,"void benchmark_func<__half2, 256, 8u, 0u>(__half2, __half2*) [clone .kd]",0,0,14,246845,246845,4194304,256,0,0,12,24,15936,0x7f9f7b44df00,0x7f9e7ad9b080,1251334,1251334,1014677,10010680,65536,119426878,1919233,0,479453228,477210351024074,477210350918495,477210352322502,477210352387005
6,"void benchmark_func<int, 256, 8u, 0u>(int, int*) [clone .kd]",0,0,17,246845,246845,4194304,256,0,0,12,24,16384,0x7f9f7b44dd80,0x7f9e7ad9b0c0,1243831,1243831,1013895,9950656,65536,117813629,1863248,0,472998684,477210352402275,477210352322502,477210353721709,477210353810605
7,"void benchmark_func<float, 256, 8u, 1u>(float, float*) [clone .kd]",0,0,20,246845,246845,4194304,256,0,0,12,24,17088,0x7f9f7b44dc00,0x7f9e7ad9b100,1253763,1253763,1014430,10030112,65536,123538502,1944226,0,495899044,477210353838494,477210353721709,477210355126356,477210355200245
8,"void benchmark_func<HIP_vector_type<float, 2u>, 256, 8u, 1u>(HIP_vector_type<float, 2u>, HIP_vector_type<float, 2u>*) [clone .kd]",0,0,23,246845,246845,4194304,256,0,0,16,24,17792,0x7f9f7b44da80,0x7f9e7ad9b140,1497557,1497557,1017192,11980464,65536,173706597,3900068,0,696567904,477210355215555,477210355126356,477210356678364,477210356769881
9,"void benchmark_func<double, 256, 8u, 1u>(double, double*) [clone .kd]",0,0,26,246845,246845,4194304,256,0,0,16,24,18496,0x7f9f7b44d900,0x7f9e7ad9b180,1513435,1513435,1018904,12107488,65536,205271369,4059902,0,822828848,477210356786151,477210356678364,477210358240132,477210358330218
10,"void benchmark_func<__half2, 256, 8u, 1u>(__half2, __half2*) [clone .kd]",0,0,29,246845,246845,4194304,256,0,0,16,24,19200,0x7f9f7b44d780,0x7f9e7ad9b1c0,1250324,1250324,1013887,10002600,65536,130053058,1922520,0,521958420,477210358344808,477210358240132,477210359644139,477210359733958
11,"void benchmark_func<int, 256, 8u, 1u>(int, int*) [clone .kd]",0,0,32,246845,246845,4194304,256,0,0,16,24,19904,0x7f9f7b44d600,0x7f9e7ad9b200,1252318,1252318,1014474,10018552,65536,122477489,1923584,0,491653040,477210359748507,477210359644139,477210361048146,477210361116418
12,"void benchmark_func<float, 256, 8u, 2u>(float, float*) [clone .kd]",0,0,35,246845,246845,4194304,256,0,0,12,24,20608,0x7f9f7d6ea480,0x7f9e7ad9b240,1246800,1246800,1013868,9974408,65536,121015225,1893046,0,485803892,477210361143017,477210361048146,477210362449753,477210362517598
13,"void benchmark_func<HIP_vector_type<float, 2u>, 256, 8u, 2u>(HIP_vector_type<float, 2u>, HIP_vector_type<float, 2u>*) [clone .kd]",0,0,38,246845,246845,4194304,256,0,0,16,24,21312,0x7f9f7d6ea300,0x7f9e7ad9b280,1523219,1523219,1016839,12185760,65536,165436217,4117658,0,663490512,477210362533567,477210362449753,477210364017761,477210364087234
14,"void benchmark_func<double, 256, 8u, 2u>(double, double*) [clone .kd]",0,0,41,246845,246845,4194304,256,0,0,16,24,22016,0x7f9f7d6ea180,0x7f9e7ad9b2c0,1488390,1488390,1016797,11907128,65536,207130012,3864870,0,830259680,477210364103004,477210364017761,477210365565129,477210365631001
15,"void benchmark_func<__half2, 256, 8u, 2u>(__half2, __half2*) [clone .kd]",0,0,44,246845,246845,4194304,256,0,0,16,24,22720,0x7f9f7d6ea000,0x7f9e7ad9b300,1263066,1263066,1013609,10104536,65536,134676045,2021328,0,540448844,477210365647170,477210365565129,477210366979376,477210367023401
16,"void benchmark_func<int, 256, 8u, 2u>(int, int*) [clone .kd]",0,0,47,246845,246845,4194304,256,0,0,12,24,23424,0x7f9f7b44de80,0x7f9e7ad9b340,1293389,1293389,1013978,10347120,65536,134507965,2253534,0,539775288,477210367039761,477210366979376,477210368408984,477210368476350
17,"void benchmark_func<float, 256, 8u, 3u>(float, float*) [clone .kd]",0,0,50,246845,246845,4194304,256,0,0,12,24,24128,0x7f9f7b44dd00,0x7f9e7ad9b380,1243460,1243460,1013832,9947688,65536,122763179,1854927,0,492798008,477210368502499,477210368408984,477210369808191,477210369874960
18,"void benchmark_func<HIP_vector_type<float, 2u>, 256, 8u, 3u>(HIP_vector_type<float, 2u>, HIP_vector_type<float, 2u>*) [clone .kd]",0,0,53,246845,246845,4194304,256,0,0,16,24,24832,0x7f9f7b44db80,0x7f9e7ad9b3c0,1549223,1549223,1017879,12393792,65536,185186309,4344831,0,742495516,477210369890759,477210369808191,477210371391559,477210371456656
19,"void benchmark_func<double, 256, 8u, 3u>(double, double*) [clone .kd]",0,0,56,246845,246845,4194304,256,0,0,16,24,25536,0x7f9f7b44da00,0x7f9e7ad9b400,1466695,1466695,1020420,11733568,65536,211665297,3667117,0,848399864,477210371472145,477210371391559,477210372927406,477210372995593
20,"void benchmark_func<__half2, 256, 8u, 3u>(__half2, __half2*) [clone .kd]",0,0,59,246845,246845,4194304,256,0,0,12,24,26240,0x7f9f7b44d880,0x7f9e7ad9b440,1272714,1272714,1014312,10181720,65536,134246051,2082102,0,538729400,477210373013492,477210372927406,477210374345334,477210374410932
21,"void benchmark_func<int, 256, 8u, 3u>(int, int*) [clone .kd]",0,0,62,246845,246845,4194304,256,0,0,12,24,26944,0x7f9f7b44d700,0x7f9e7ad9b480,1353308,1353308,1014768,10826472,65536,173464871,2788073,0,695601804,477210374425832,477210374345334,477210375811101,477210375874441
22,"void benchmark_func<float, 256, 8u, 4u>(float, float*) [clone .kd]",0,0,65,246845,246845,4194304,256,0,0,12,24,27648,0x7f9f7d6ea580,0x7f9e7ad9b4c0,1267304,1267304,1013111,10138440,65536,131968405,2054120,0,529616944,477210375900701,477210375811101,477210377224548,477210377287231
23,"void benchmark_func<HIP_vector_type<float, 2u>, 256, 8u, 4u>(HIP_vector_type<float, 2u>, HIP_vector_type<float, 2u>*) [clone .kd]",0,0,68,246845,246845,4194304,256,0,0,16,24,28608,0x7f9f7d6ea400,0x7f9e7ad9b500,1483499,1483499,1016508,11868000,65536,168619930,3794099,0,676220584,477210377304160,477210377224548,477210378771116,477210378811098
24,"void benchmark_func<double, 256, 8u, 4u>(double, double*) [clone .kd]",0,0,71,246845,246845,4194304,256,0,0,16,24,29312,0x7f9f7d6ea280,0x7f9e7ad9b540,1480304,1480304,1017534,11842440,65536,205926396,3801870,0,825446332,477210378825588,477210378771116,477210380315124,477210380380164
25,"void benchmark_func<__half2, 256, 8u, 4u>(__half2, __half2*) [clone .kd]",0,0,74,246845,246845,4194304,256,0,0,12,24,30016,0x7f9f7d6ea100,0x7f9e7ad9b580,1300442,1300442,1014132,10403544,65536,135820928,2276610,0,545023172,477210380396114,477210380315124,477210381749691,477210381814173
26,"void benchmark_func<int, 256, 8u, 4u>(int, int*) [clone .kd]",0,0,77,246845,246845,4194304,256,0,0,8,24,30976,0x7f9f7b44df80,0x7f9e7ad9b5c0,1382248,1382248,1015596,11057992,65536,172826037,3000749,0,693048660,477210381827643,477210381749691,477210383235299,477210383299672
27,"void benchmark_func<float, 256, 8u, 5u>(float, float*) [clone .kd]",0,0,80,246845,246845,4194304,256,0,0,12,24,31680,0x7f9f7b44de00,0x7f9e7ad9b600,1269748,1269748,1013643,10157992,65536,130431153,2033235,0,523478424,477210383324681,477210383235299,477210384649386,477210384714991
28,"void benchmark_func<HIP_vector_type<float, 2u>, 256, 8u, 5u>(HIP_vector_type<float, 2u>, HIP_vector_type<float, 2u>*) [clone .kd]",0,0,83,246845,246845,4194304,256,0,0,16,24,32640,0x7f9f7b44dc80,0x7f9e7ad9b640,1505280,1505280,1017621,12042248,65536,168478592,3951578,0,675655472,477210384729371,477210384649386,477210386211794,477210386275418
29,"void benchmark_func<double, 256, 8u, 5u>(double, double*) [clone .kd]",0,0,86,246845,246845,4194304,256,0,0,12,24,33600,0x7f9f7b44db00,0x7f9e7ad9b680,1466726,1466726,1016610,11733816,65536,202526358,3648978,0,811844880,477210386290827,477210386211794,477210387744762,477210387809145
30,"void benchmark_func<__half2, 256, 8u, 5u>(__half2, __half2*) [clone .kd]",0,0,89,246845,246845,4194304,256,0,0,12,24,34560,0x7f9f7b44d980,0x7f9e7ad9b6c0,1320824,1320824,1014015,10566600,65536,159624028,2506012,0,640261148,477210387827754,477210387744762,477210389194209,477210389255883
31,"void benchmark_func<int, 256, 8u, 5u>(int, int*) [clone .kd]",0,0,92,246845,246845,4194304,256,0,0,8,24,35520,0x7f9f7b44d800,0x7f9e7ad9b700,1412933,1412933,1015275,11303472,65536,180176214,3219414,0,722453072,477210389271443,477210389194209,477210390693417,477210390755931
32,"void benchmark_func<float, 256, 8u, 6u>(float, float*) [clone .kd]",0,0,95,246845,246845,4194304,256,0,0,12,24,36224,0x7f9f7b44d680,0x7f9e7ad9b740,1313518,1313518,1014371,10508152,65536,154680767,2444224,0,620468192,477210390779051,477210390693417,477210392137904,477210392202660
33,"void benchmark_func<HIP_vector_type<float, 2u>, 256, 8u, 6u>(HIP_vector_type<float, 2u>, HIP_vector_type<float, 2u>*) [clone .kd]",0,0,98,246845,246845,4194304,256,0,0,12,24,37184,0x7f9f7d6ea500,0x7f9e7ad9b780,1500266,1500266,1017606,12002136,65536,190682162,3881409,0,764476156,477210392219340,477210392137904,477210393691192,477210393754837
34,"void benchmark_func<double, 256, 8u, 6u>(double, double*) [clone .kd]",0,0,101,246845,246845,4194304,256,0,0,12,24,38144,0x7f9f7d6ea380,0x7f9e7ad9b7c0,1470712,1470712,1017239,11765704,65536,212061701,3726254,0,849985984,477210393769777,477210393691192,477210395233280,477210395297254
35,"void benchmark_func<__half2, 256, 8u, 6u>(__half2, __half2*) [clone .kd]",0,0,104,246845,246845,4194304,256,0,0,12,24,39104,0x7f9f7d6ea200,0x7f9e7ad9b800,1370260,1370260,1015933,10962088,65536,177093702,2875487,0,710127216,477210395312434,477210395233280,477210396707847,477210396774122
36,"void benchmark_func<int, 256, 8u, 6u>(int, int*) [clone .kd]",0,0,107,246845,246845,4194304,256,0,0,8,24,40320,0x7f9f7d6ea080,0x7f9e7ad9b840,1468756,1468756,1016685,11750056,65536,184566943,3696323,0,740045384,477210396788652,477210396707847,477210398251535,477210398315889
37,"void benchmark_func<float, 256, 8u, 7u>(float, float*) [clone .kd]",0,0,110,246845,246845,4194304,256,0,0,12,24,41280,0x7f9f7b44df00,0x7f9e7ad9b880,1321704,1321704,1014480,10573640,65536,154239147,2469522,0,618703660,477210398341699,477210398251535,477210399696662,477210399760448
38,"void benchmark_func<HIP_vector_type<float, 2u>, 256, 8u, 7u>(HIP_vector_type<float, 2u>, HIP_vector_type<float, 2u>*) [clone .kd]",0,0,113,246845,246845,4194304,256,0,0,12,24,42240,0x7f9f7b44dd80,0x7f9e7ad9b8c0,1500394,1500394,1017932,12003160,65536,187474567,3920400,0,751648344,477210399775868,477210399696662,477210401256350,477210401320565
39,"void benchmark_func<double, 256, 8u, 7u>(double, double*) [clone .kd]",0,0,116,246845,246845,4194304,256,0,0,12,24,43200,0x7f9f7b44dc00,0x7f9e7ad9b900,1508576,1508576,1017356,12068616,65536,186534669,3963049,0,747886844,477210401337314,477210401256350,477210402814598,477210402879341
40,"void benchmark_func<__half2, 256, 8u, 7u>(__half2, __half2*) [clone .kd]",0,0,119,246845,246845,4194304,256,0,0,8,24,44160,0x7f9f7b44da80,0x7f9e7ad9b940,1378426,1378426,1015389,11027416,65536,171972833,2951495,0,689657268,477210402895501,477210402814194,477210404298200,477210404364319
41,"void benchmark_func<int, 256, 8u, 7u>(int, int*) [clone .kd]",0,0,122,246845,246845,4194304,256,0,0,12,24,45376,0x7f9f7b44d900,0x7f9e7ad9b980,1478181,1478181,1016033,11825456,65536,181882002,3760177,0,729293328,477210404380439,477210404298200,477210405843006,477210405913756
42,"void benchmark_func<float, 256, 8u, 8u>(float, float*) [clone .kd]",0,0,125,246845,246845,4194304,256,0,0,12,24,46336,0x7f9f7b44d780,0x7f9e7ad9b9c0,1390722,1390722,1015247,11125784,65536,183738115,3046593,0,736726200,477210405937275,477210405843006,477210407332773,477210407394754
43,"void benchmark_func<HIP_vector_type<float, 2u>, 256, 8u, 8u>(HIP_vector_type<float, 2u>, HIP_vector_type<float, 2u>*) [clone .kd]",0,0,128,246845,246845,4194304,256,0,0,12,24,47552,0x7f9f7b44d600,0x7f9e7ad9ba00,1511660,1511660,1018534,12093288,65536,212756976,4008150,0,852771700,477210407410924,477210407332773,477210408899820,477210408966790
44,"void benchmark_func<double, 256, 8u, 8u>(double, double*) [clone .kd]",0,0,131,246845,246845,4194304,256,0,0,12,24,48512,0x7f9f7d6ea480,0x7f9e7ad9ba40,1494162,1494162,1018025,11953304,65536,237833505,3914759,0,953074952,477210408982370,477210408899820,477210410455666,477210410519617
45,"void benchmark_func<__half2, 256, 8u, 8u>(__half2, __half2*) [clone .kd]",0,0,134,246845,246845,4194304,256,0,0,8,24,49472,0x7f9f7d6ea300,0x7f9e7ad9ba80,1400372,1400372,1020893,11202984,65536,178677218,3114500,0,716466720,477210410534876,477210410455666,477210411953753,477210412074083
46,"void benchmark_func<int, 256, 8u, 8u>(int, int*) [clone .kd]",0,0,137,246845,246845,4194304,256,0,0,12,24,50688,0x7f9f7d6ea180,0x7f9e7ad9bac0,1448793,1448793,1016700,11590352,65536,176426006,3526286,0,707490180,477210412089343,477210411953753,477210413480160,477210413547352
47,"void benchmark_func<float, 256, 8u, 9u>(float, float*) [clone .kd]",0,0,140,246845,246845,4194304,256,0,0,12,24,51648,0x7f9f7d6ea000,0x7f9e7ad9bb00,1395602,1395602,1015577,11164824,65536,173825574,3104373,0,697060864,477210413571211,477210413480160,477210414975526,477210415054650
48,"void benchmark_func<HIP_vector_type<float, 2u>, 256, 8u, 9u>(HIP_vector_type<float, 2u>, HIP_vector_type<float, 2u>*) [clone .kd]",0,0,143,246845,246845,4194304,256,0,0,12,24,52864,0x7f9f7b44de80,0x7f9e7ad9bb40,1526249,1526249,1016597,12210000,65536,212246410,4168315,0,850751904,477210415069719,477210414975526,477210416548973,477210416650796
49,"void benchmark_func<double, 256, 8u, 9u>(double, double*) [clone .kd]",0,0,146,246845,246845,4194304,256,0,0,12,24,54080,0x7f9f7b44dd00,0x7f9e7ad9bb80,1530756,1530756,1017752,12246056,65536,200224422,4174956,0,802643576,477210416666615,477210416548973,477210418127060,477210418230212
50,"void benchmark_func<__half2, 256, 8u, 9u>(__half2, __half2*) [clone .kd]",0,0,149,246845,246845,4194304,256,0,0,8,24,55296,0x7f9f7b44db80,0x7f9e7ad9bbc0,1420588,1420588,1015930,11364712,65536,177174175,3307710,0,710493176,477210418246481,477210418127060,477210419634426,477210419736479
51,"void benchmark_func<int, 256, 8u, 9u>(int, int*) [clone .kd]",0,0,152,246845,246845,4194304,256,0,0,12,24,56768,0x7f9f7b44da00,0x7f9e7ad9bc00,1447914,1447914,1016424,11583320,65536,192203594,3532085,0,770578456,477210419752329,477210419634426,477210421162433,477210421255257
52,"void benchmark_func<float, 256, 8u, 10u>(float, float*) [clone .kd]",0,0,155,246845,246845,4194304,256,0,0,12,24,57728,0x7f9f7b44d880,0x7f9e7ad9bc40,1389648,1389648,1015342,11117192,65536,181391667,3047153,0,727316248,477210421281026,477210421162433,477210422652199,477210422742755
53,"void benchmark_func<HIP_vector_type<float, 2u>, 256, 8u, 10u>(HIP_vector_type<float, 2u>, HIP_vector_type<float, 2u>*) [clone .kd]",0,0,158,246845,246845,4194304,256,0,0,12,24,58944,0x7f9f7b44d700,0x7f9e7ad9bc80,1539374,1539374,1017938,12315000,65536,195359560,4213408,0,783185680,477210422758414,477210422652199,477210424235886,477210424328330
54,"void benchmark_func<double, 256, 8u, 10u>(double, double*) [clone .kd]",0,0,161,246845,246845,4194304,256,0,0,12,24,60160,0x7f9f7d6ea580,0x7f9e7ad9bcc0,1495264,1495264,1017597,11962120,65536,233508084,3944508,0,935782496,477210424344520,477210424235886,477210425790773,477210425879407
55,"void benchmark_func<__half2, 256, 8u, 10u>(__half2, __half2*) [clone .kd]",0,0,164,246845,246845,4194304,256,0,0,8,24,61376,0x7f9f7d6ea400,0x7f9e7ad9bd00,1413216,1413216,1016502,11305736,65536,176499019,3231880,0,707755168,477210425895277,477210425790773,477210427296219,477210427365115
56,"void benchmark_func<int, 256, 8u, 10u>(int, int*) [clone .kd]",0,0,167,246845,246845,4194304,256,0,0,12,24,62848,0x7f9f7d6ea280,0x7f9e7ad9bd40,1442620,1442620,1015893,11540968,65536,197427470,3501015,0,791497424,477210427379395,477210427296219,477210428819266,477210428918402
57,"void benchmark_func<float, 256, 8u, 11u>(float, float*) [clone .kd]",0,0,170,246845,246845,4194304,256,0,0,12,24,63808,0x7f9f7d6ea100,0x7f9e7ad9bd80,1390396,1390396,1016254,11123176,65536,184752766,3074814,0,740769188,477210428943231,477210428819266,477210430311912,477210430401170
58,"void benchmark_func<HIP_vector_type<float, 2u>, 256, 8u, 11u>(HIP_vector_type<float, 2u>, HIP_vector_type<float, 2u>*) [clone .kd]",0,0,173,246845,246845,4194304,256,0,0,12,24,65024,0x7f9f7b44df80,0x7f9e7ad9bdc0,1530510,1530510,1018226,12244088,65536,205623015,4160614,0,824247368,477210430414610,477210430311912,477210431888879,477210431956246
59,"void benchmark_func<double, 256, 8u, 11u>(double, double*) [clone .kd]",0,0,176,246845,246845,4194304,256,0,0,12,24,66240,0x7f9f7b44de00,0x7f9e7ad9be00,1504894,1504894,1016356,12039160,65536,231293343,3994814,0,926913972,477210431971196,477210431888879,477210433450486,477210433516333
60,"void benchmark_func<__half2, 256, 8u, 11u>(__half2, __half2*) [clone .kd]",0,0,179,246845,246845,4194304,256,0,0,8,24,67456,0x7f9f7b44dc80,0x7f9e7ad9be40,1418714,1418714,1018640,11349720,65536,184250152,3276989,0,738778248,477210433532173,477210433450486,477210434958013,477210435026601
61,"void benchmark_func<int, 256, 8u, 11u>(int, int*) [clone .kd]",0,0,182,246845,246845,4194304,256,0,0,12,24,68928,0x7f9f7b44db00,0x7f9e7ad9be80,1458358,1458358,1016262,11666872,65536,205658344,3626779,0,824431892,477210435040231,477210434958013,477210436490019,477210436556288
62,"void benchmark_func<float, 256, 8u, 12u>(float, float*) [clone .kd]",0,0,185,246845,246845,4194304,256,0,0,12,24,70144,0x7f9f7b44d980,0x7f9e7ad9bec0,1419292,1419292,1015424,11354344,65536,175747628,3293142,0,704764384,477210436577848,477210436490019,477210437999626,477210438063816
63,"void benchmark_func<HIP_vector_type<float, 2u>, 256, 8u, 12u>(HIP_vector_type<float, 2u>, HIP_vector_type<float, 2u>*) [clone .kd]",0,0,188,246845,246845,4194304,256,0,0,12,24,71616,0x7f9f7b44d800,0x7f9e7ad9bf00,1498444,1498444,1017074,11987560,65536,235076002,3945483,0,942061648,477210438077325,477210437999626,477210439557393,477210439596553
64,"void benchmark_func<double, 256, 8u, 12u>(double, double*) [clone .kd]",0,0,191,246845,246845,4194304,256,0,0,12,24,72832,0x7f9f7b44d680,0x7f9e7ad9bf40,1523222,1523222,1017709,12185784,65536,229431725,4126569,0,919480104,477210439610623,477210439557393,477210441131479,477210441197928
65,"void benchmark_func<__half2, 256, 8u, 12u>(__half2, __half2*) [clone .kd]",0,0,194,246845,246845,4194304,256,0,0,8,24,74048,0x7f9f7d6ea500,0x7f9e7ad9bf80,1464910,1464910,1017609,11719288,65536,194572047,3660591,0,780045848,477210441213268,477210441131479,477210442667166,477210442732675
66,"void benchmark_func<int, 256, 8u, 12u>(int, int*) [clone .kd]",0,0,197,246845,246845,4194304,256,0,0,12,24,75776,0x7f9f7d6ea380,0x7f9e7ad9bfc0,1449077,1449077,1016637,11592624,65536,209143627,3558005,0,838342584,477210442746315,477210442667166,477210444196773,477210444262792
67,"void benchmark_func<float, 256, 8u, 13u>(float, float*) [clone .kd]",0,0,200,246845,246845,4194304,256,0,0,12,24,76992,0x7f9f7d6ea200,0x7f9e7ad9c000,1401352,1401352,1016715,11210824,65536,185648433,3137688,0,744375500,477210444296752,477210444196773,477210445693739,477210445763680
68,"void benchmark_func<HIP_vector_type<float, 2u>, 256, 8u, 13u>(HIP_vector_type<float, 2u>, HIP_vector_type<float, 2u>*) [clone .kd]",0,0,203,246845,246845,4194304,256,0,0,12,24,78464,0x7f9f7d6ea080,0x7f9e7ad9c040,1495690,1495690,1016939,11965528,65536,237820646,3939282,0,953047384,477210445777480,477210445693739,477210447257266,477210447322007
69,"void benchmark_func<double, 256, 8u, 13u>(double, double*) [clone .kd]",0,0,206,246845,246845,4194304,256,0,0,12,24,79936,0x7f9f7b44df00,0x7f9e7ad9c080,1498147,1498147,1016910,11985184,65536,223668393,3931704,0,896443332,477210447335176,477210447257266,477210448815353,477210448881833
70,"void benchmark_func<__half2, 256, 8u, 13u>(__half2, __half2*) [clone .kd]",0,0,209,246845,246845,4194304,256,0,0,8,24,81408,0x7f9f7b44dd80,0x7f9e7ad9c0c0,1455269,1455269,1021661,11642160,65536,199604570,3564878,0,800223452,477210448896693,477210448815353,477210450346399,477210450410700
71,"void benchmark_func<int, 256, 8u, 13u>(int, int*) [clone .kd]",0,0,212,246845,246845,4194304,256,0,0,12,24,83136,0x7f9f7b44dc00,0x7f9e7ad9c100,1455523,1455523,1018244,11644192,65536,210838746,3614900,0,845138140,477210450423860,477210450346399,477210451878726,477210451943527
72,"void benchmark_func<float, 256, 8u, 14u>(float, float*) [clone .kd]",0,0,215,246845,246845,4194304,256,0,0,12,24,84352,0x7f9f7b44da80,0x7f9e7ad9c140,1418211,1418211,1015715,11345696,65536,171882026,3280026,0,689312176,477210451964887,477210451878726,477210453385292,477210453449585
73,"void benchmark_func<HIP_vector_type<float, 2u>, 256, 8u, 14u>(HIP_vector_type<float, 2u>, HIP_vector_type<float, 2u>*) [clone .kd]",0,0,218,246845,246845,4194304,256,0,0,12,24,85824,0x7f9f7b44d900,0x7f9e7ad9c180,1482981,1482981,1015575,11863856,65536,225639694,3805388,0,904314908,477210453463735,477210453385292,477210454933619,477210454998202
74,"void benchmark_func<double, 256, 8u, 14u>(double, double*) [clone .kd]",0,0,221,246845,246845,4194304,256,0,0,12,24,87296,0x7f9f7b44d780,0x7f9e7ad9c1c0,1504126,1504126,1017478,12033016,65536,217107654,3963682,0,870195028,477210455011311,477210454933619,477210456495706,477210456561628
75,"void benchmark_func<__half2, 256, 8u, 14u>(__half2, __half2*) [clone .kd]",0,0,224,246845,246845,4194304,256,0,0,12,24,88768,0x7f9f7b44d600,0x7f9e7ad9c200,1473403,1473403,1017199,11787232,65536,195992202,3718104,0,785726924,477210456576348,477210456495706,477210458033473,477210458096645
76,"void benchmark_func<int, 256, 8u, 14u>(int, int*) [clone .kd]",0,0,227,246845,246845,4194304,256,0,0,12,24,90752,0x7f9f7d6ea480,0x7f9e7ad9c240,1464337,1464337,1016493,11714704,65536,214914873,3674387,0,861454208,477210458110285,477210458033473,477210459569479,477210459631633
77,"void benchmark_func<float, 256, 8u, 15u>(float, float*) [clone .kd]",0,0,230,246845,246845,4194304,256,0,0,12,24,91968,0x7f9f7d6ea300,0x7f9e7ad9c280,1425376,1425376,1016029,11403016,65536,184487128,3333840,0,739736500,477210459652522,477210459569479,477210461078766,477210461144070
78,"void benchmark_func<HIP_vector_type<float, 2u>, 256, 8u, 15u>(HIP_vector_type<float, 2u>, HIP_vector_type<float, 2u>*) [clone .kd]",0,0,233,246845,246845,4194304,256,0,0,12,24,93440,0x7f9f7d6ea180,0x7f9e7ad9c2c0,1471132,1471132,1016816,11769064,65536,222808449,3717757,0,892997088,477210461158260,477210461078766,477210462621492,477210462689667
79,"void benchmark_func<double, 256, 8u, 15u>(double, double*) [clone .kd]",0,0,236,246845,246845,4194304,256,0,0,12,24,94912,0x7f9f7d6ea000,0x7f9e7ad9c300,1500482,1500482,1017246,12003864,65536,240662323,3956789,0,964415448,477210462703597,477210462621492,477210464183259,477210464248823
80,"void benchmark_func<__half2, 256, 8u, 15u>(__half2, __half2*) [clone .kd]",0,0,239,246845,246845,4194304,256,0,0,12,24,96384,0x7f9f7b44de80,0x7f9e7ad9c340,1465977,1465977,1017160,11727824,65536,194340358,3674466,0,779139604,477210464261863,477210464183259,477210465719106,477210465784490
81,"void benchmark_func<int, 256, 8u, 15u>(int, int*) [clone .kd]",0,0,242,246845,246845,4194304,256,0,0,12,24,98368,0x7f9f7b44dd00,0x7f9e7ad9c380,1467663,1467663,1016395,11741312,65536,220526121,3702795,0,883897604,477210465797770,477210465719083,477210467257809,477210467320407
82,"void benchmark_func<float, 256, 8u, 16u>(float, float*) [clone .kd]",0,0,245,246845,246845,4194304,256,0,0,12,24,99584,0x7f9f7b44db80,0x7f9e7ad9c3c0,1441448,1441448,1016021,11531592,65536,185034557,3460761,0,741920668,477210467341267,477210467257809,477210468779096,477210468844324
83,"void benchmark_func<HIP_vector_type<float, 2u>, 256, 8u, 16u>(HIP_vector_type<float, 2u>, HIP_vector_type<float, 2u>*) [clone .kd]",0,0,248,246845,246845,4194304,256,0,0,12,24,101312,0x7f9f7b44da00,0x7f9e7ad9c400,1501438,1501438,1017310,12011512,65536,217583311,3936803,0,872091124,477210468857454,477210468779096,477210470339102,477210470402161
84,"void benchmark_func<double, 256, 8u, 16u>(double, double*) [clone .kd]",0,0,251,246845,246845,4194304,256,0,0,12,24,102784,0x7f9f7b44d880,0x7f9e7ad9c440,1527542,1527542,1017108,12220344,65536,219440496,4194697,0,879517164,477210470415661,477210470339102,477210471914949,477210471982927
85,"void benchmark_func<__half2, 256, 8u, 16u>(__half2, __half2*) [clone .kd]",0,0,254,246845,246845,4194304,256,0,0,12,24,104256,0x7f9f7b44d700,0x7f9e7ad9c480,1447893,1447893,1017647,11583152,65536,191896975,3513086,0,769375592,477210471995567,477210471914949,477210473438316,477210473501064
86,"void benchmark_func<int, 256, 8u, 16u>(int, int*) [clone .kd]",0,0,257,246845,246845,4194304,256,0,0,12,24,106240,0x7f9f7d6ea580,0x7f9e7ad9c4c0,1469995,1469995,1016460,11759968,65536,226308241,3722549,0,907033112,477210473513004,477210473438316,477210474980082,477210475042941
87,"void benchmark_func<float, 256, 8u, 17u>(float, float*) [clone .kd]",0,0,260,246845,246845,4194304,256,0,0,12,24,107712,0x7f9f7d6ea400,0x7f9e7ad9c500,1448932,1448932,1016411,11591464,65536,190946114,3512258,0,765585300,477210475062891,477210474980082,477210476506169,477210476570578
88,"void benchmark_func<HIP_vector_type<float, 2u>, 256, 8u, 17u>(HIP_vector_type<float, 2u>, HIP_vector_type<float, 2u>*) [clone .kd]",0,0,263,246845,246845,4194304,256,0,0,16,24,109440,0x7f9f7d6ea280,0x7f9e7ad9c540,1483447,1483447,1017726,11867584,65536,223575452,3833765,0,896065128,477210476583428,477210476506169,477210478056575,477210478119735
89,"void benchmark_func<double, 256, 8u, 17u>(double, double*) [clone .kd]",0,0,266,246845,246845,4194304,256,0,0,16,24,111168,0x7f9f7d6ea100,0x7f9e7ad9c580,1522800,1522800,1017609,12182408,65536,249537438,4137530,0,999898564,477210478132195,477210478056575,477210479633222,477210479695332
90,"void benchmark_func<__half2, 256, 8u, 17u>(__half2, __half2*) [clone .kd]",0,0,269,246845,246845,4194304,256,0,0,8,24,112896,0x7f9f7b44df80,0x7f9e7ad9c5c0,1453528,1453528,1016879,11628232,65536,195915930,3580686,0,785466660,477210479708031,477210479633222,477210481160109,477210481223189
91,"void benchmark_func<int, 256, 8u, 17u>(int, int*) [clone .kd]",0,0,272,246845,246845,4194304,256,0,0,12,24,115136,0x7f9f7b44de00,0x7f9e7ad9c600,1475702,1475702,1017787,11805624,65536,226415304,3755362,0,907458148,477210481236189,477210481160109,477210482703795,477210482765716
92,"void benchmark_func<float, 256, 8u, 18u>(float, float*) [clone .kd]",0,0,275,246845,246845,4194304,256,0,0,12,24,116608,0x7f9f7b44dc80,0x7f9e7ad9c640,1465557,1465557,1016273,11724464,65536,191794280,3682264,0,768952024,477210482785935,477210482703795,477210484238362,477210484309723
93,"void benchmark_func<HIP_vector_type<float, 2u>, 256, 8u, 18u>(HIP_vector_type<float, 2u>, HIP_vector_type<float, 2u>*) [clone .kd]",0,0,278,246845,246845,4194304,256,0,0,16,24,118336,0x7f9f7b44db00,0x7f9e7ad9c680,1490297,1490297,1016790,11922384,65536,235428100,3884034,0,943489212,477210484323202,477210484238362,477210485793249,477210485857699
94,"void benchmark_func<double, 256, 8u, 18u>(double, double*) [clone .kd]",0,0,281,246845,246845,4194304,256,0,0,16,24,120064,0x7f9f7b44d980,0x7f9e7ad9c6c0,1510566,1510566,1018484,12084536,65536,229547430,4049000,0,919950612,477210485870239,477210485793249,477210487360135,477210487422686
95,"void benchmark_func<__half2, 256, 8u, 18u>(__half2, __half2*) [clone .kd]",0,0,284,246845,246845,4194304,256,0,0,12,24,121792,0x7f9f7b44d800,0x7f9e7ad9c700,1479187,1479187,1018983,11833504,65536,166376938,3765734,0,667310984,477210487435855,477210487360135,477210488902862,477210488965842
96,"void benchmark_func<int, 256, 8u, 18u>(int, int*) [clone .kd]",0,0,287,246845,246845,4194304,256,0,0,12,24,124032,0x7f9f7b44d680,0x7f9e7ad9c740,1488783,1488783,1021265,11910272,65536,231566781,3864616,0,928060620,477210488978602,477210488902862,477210490455029,477210490518449
97,"void benchmark_func<float, 256, 8u, 20u>(float, float*) [clone .kd]",0,0,290,246845,246845,4194304,256,0,0,12,24,125504,0x7f9f7d6ea500,0x7f9e7ad9c780,1456448,1456448,1016326,11651592,65536,192155753,3636089,0,770418732,477210490539529,477210490455029,477210491986395,477210492025247
98,"void benchmark_func<HIP_vector_type<float, 2u>, 256, 8u, 20u>(HIP_vector_type<float, 2u>, HIP_vector_type<float, 2u>*) [clone .kd]",0,0,293,246845,246845,4194304,256,0,0,12,24,127488,0x7f9f7d6ea380,0x7f9e7ad9c7c0,1507577,1507577,1017606,12060624,65536,262981512,4053325,0,1053692900,477210492039646,477210491986395,477210493550882,477210493615482
99,"void benchmark_func<double, 256, 8u, 20u>(double, double*) [clone .kd]",0,0,296,246845,246845,4194304,256,0,0,12,24,129216,0x7f9f7d6ea200,0x7f9e7ad9c800,1510211,1510211,1017439,12081696,65536,255823547,4071319,0,1025060472,477210493628362,477210493550882,477210495118569,477210495183979
100,"void benchmark_func<__half2, 256, 8u, 20u>(__half2, __half2*) [clone .kd]",0,0,299,246845,246845,4194304,256,0,0,12,24,130944,0x7f9f7d6ea080,0x7f9e7ad9c840,1449686,1449686,1017086,11597496,65536,191729258,3551662,0,768715972,477210495197078,477210495118569,477210496648015,477210496717976
101,"void benchmark_func<int, 256, 8u, 20u>(int, int*) [clone .kd]",0,0,302,246845,246845,4194304,256,0,0,12,24,133440,0x7f9f7b44df00,0x7f9e7ad9c880,1461379,1461379,1016863,11691040,65536,227828376,3663520,0,913114492,477210496730656,477210496648015,477210498183542,477210498248393
102,"void benchmark_func<float, 256, 8u, 22u>(float, float*) [clone .kd]",0,0,305,246845,246845,4194304,256,0,0,12,24,134912,0x7f9f7b44dd80,0x7f9e7ad9c8c0,1461691,1461691,1017881,11693536,65536,199929025,3642648,0,801505112,477210498268863,477210498183542,477210499717468,477210499782410
103,"void benchmark_func<HIP_vector_type<float, 2u>, 256, 8u, 22u>(HIP_vector_type<float, 2u>, HIP_vector_type<float, 2u>*) [clone .kd]",0,0,308,246845,246845,4194304,256,0,0,12,24,136896,0x7f9f7b44dc00,0x7f9e7ad9c900,1527638,1527638,1017434,12221112,65536,266133695,4202565,0,1066306996,477210499795610,477210499717468,477210501295075,477210501359647
104,"void benchmark_func<double, 256, 8u, 22u>(double, double*) [clone .kd]",0,0,311,246845,246845,4194304,256,0,0,12,24,138880,0x7f9f7b44da80,0x7f9e7ad9c940,1551605,1551605,1018579,12412848,65536,230942915,4355975,0,925545408,477210501373146,477210501295075,477210502885802,477210502951032
105,"void benchmark_func<__half2, 256, 8u, 22u>(__half2, __half2*) [clone .kd]",0,0,314,246845,246845,4194304,256,0,0,12,24,140864,0x7f9f7b44d900,0x7f9e7ad9c980,1448329,1448329,1016798,11586640,65536,208320326,3565827,0,835077892,477210502963962,477210502885802,477210504412849,477210504478149
106,"void benchmark_func<int, 256, 8u, 22u>(int, int*) [clone .kd]",0,0,317,246845,246845,4194304,256,0,0,12,24,143616,0x7f9f7b44d780,0x7f9e7ad9c9c0,1464517,1464517,1017099,11716144,65536,232085975,3709891,0,930143204,477210504491139,477210504412849,477210505951575,477210506014896
107,"void benchmark_func<float, 256, 8u, 24u>(float, float*) [clone .kd]",0,0,320,246845,246845,4194304,256,0,0,12,24,145344,0x7f9f7b44d600,0x7f9e7ad9ca00,1492163,1492163,1016181,11937312,65536,185541248,3896258,0,743968184,477210506035836,477210505951575,477210507502622,477210507571333
108,"void benchmark_func<HIP_vector_type<float, 2u>, 256, 8u, 24u>(HIP_vector_type<float, 2u>, HIP_vector_type<float, 2u>*) [clone .kd]",0,0,323,246845,246845,4194304,256,0,0,12,24,147584,0x7f9f7d6ea480,0x7f9e7ad9ca40,1541449,1541449,1017404,12331600,65536,257236788,4302623,0,1030723296,477210507583223,477210507502622,477210509088549,477210509158209
109,"void benchmark_func<double, 256, 8u, 24u>(double, double*) [clone .kd]",0,0,326,246845,246845,4194304,256,0,0,12,24,149568,0x7f9f7d6ea300,0x7f9e7ad9ca80,1550482,1550482,1018916,12403864,65536,275590185,4383666,0,1104136232,477210509171529,477210509088549,477210510680715,477210510745915
110,"void benchmark_func<__half2, 256, 8u, 24u>(__half2, __half2*) [clone .kd]",0,0,329,246845,246845,4194304,256,0,0,12,24,151552,0x7f9f7d6ea180,0x7f9e7ad9cac0,1463597,1463597,1016515,11708784,65536,203207789,3657290,0,814619876,477210510759494,477210510680715,477210512215442,477210512281092
111,"void benchmark_func<int, 256, 8u, 24u>(int, int*) [clone .kd]",0,0,332,246845,246845,4194304,256,0,0,12,24,154304,0x7f9f7d6ea000,0x7f9e7ad9cb00,1477501,1477501,1017930,11820016,65536,236378803,3793540,0,947317520,477210512293971,477210512215442,477210513764729,477210513834088
112,"void benchmark_func<float, 256, 8u, 28u>(float, float*) [clone .kd]",0,0,335,246845,246845,4194304,256,0,0,12,24,156288,0x7f9f7b44de80,0x7f9e7ad9cb40,1448035,1448035,1018156,11584288,65536,202404686,3546902,0,811416436,477210513854848,477210513764729,477210515290655,477210515352636
113,"void benchmark_func<HIP_vector_type<float, 2u>, 256, 8u, 28u>(HIP_vector_type<float, 2u>, HIP_vector_type<float, 2u>*) [clone .kd]",0,0,338,246845,246845,4194304,256,0,0,12,24,158784,0x7f9f7b44dd00,0x7f9e7ad9cb80,1611386,1611386,1018369,12891096,65536,287041450,4899884,0,1149937324,477210515364975,477210515290655,477210516918662,477210516985101
114,"void benchmark_func<double, 256, 8u, 28u>(double, double*) [clone .kd]",0,0,341,246845,246845,4194304,256,0,0,12,24,161024,0x7f9f7b44db80,0x7f9e7ad9cbc0,1606143,1606143,1018134,12849152,65536,297486570,4859279,0,1191714624,477210516998320,477210516918662,477210518544749,477210518609056
115,"void benchmark_func<__half2, 256, 8u, 28u>(__half2, __half2*) [clone .kd]",0,0,344,246845,246845,4194304,256,0,0,12,24,163264,0x7f9f7b44da00,0x7f9e7ad9cc00,1470674,1470674,1017853,11765400,65536,215136346,3748776,0,862349720,477210518621476,477210518544749,477210520084116,477210520149403
116,"void benchmark_func<int, 256, 8u, 28u>(int, int*) [clone .kd]",0,0,347,246845,246845,4194304,256,0,0,12,24,166528,0x7f9f7b44d880,0x7f9e7ad9cc40,1475103,1475103,1016914,11800832,65536,238818133,3774377,0,957074728,477210520162543,477210520084116,477210521631962,477210521694870
117,"void benchmark_func<float, 256, 8u, 32u>(float, float*) [clone .kd]",0,0,350,246845,246845,4194304,256,0,0,12,24,168512,0x7f9f7b44d700,0x7f9e7ad9cc80,1486468,1486468,1018220,11891752,65536,193090402,3827015,0,774164748,477210521715459,477210521631962,477210523180929,477210523244387
118,"void benchmark_func<HIP_vector_type<float, 2u>, 256, 8u, 32u>(HIP_vector_type<float, 2u>, HIP_vector_type<float, 2u>*) [clone .kd]",0,0,353,246845,246845,4194304,256,0,0,12,24,171264,0x7f9f7d6ea580,0x7f9e7ad9ccc0,1614577,1614577,1017922,12916624,65536,313656230,4914139,0,1256388564,477210523256816,477210523180929,477210524814056,477210524858422
119,"void benchmark_func<double, 256, 8u, 32u>(double, double*) [clone .kd]",0,0,356,246845,246845,4194304,256,0,0,12,24,173760,0x7f9f7d6ea400,0x7f9e7ad9cd00,1643893,1643893,1019363,13151152,65536,311375035,5174000,0,1247272020,477210524871792,477210524814056,477210526463823,477210526505726
120,"void benchmark_func<__half2, 256, 8u, 32u>(__half2, __half2*) [clone .kd]",0,0,359,246845,246845,4194304,256,0,0,12,24,176256,0x7f9f7d6ea280,0x7f9e7ad9cd40,1469129,1469129,1017018,11753040,65536,226383815,3726387,0,907339992,477210526519206,477210526463823,477210528005910,477210528047423
121,"void benchmark_func<int, 256, 8u, 32u>(int, int*) [clone .kd]",0,0,362,246845,246845,4194304,256,0,0,12,24,179776,0x7f9f7d6ea100,0x7f9e7ad9cd80,1500015,1500015,1017274,12000128,65536,244018002,3986496,0,977859424,477210528059523,477210528005884,477210529570850,477210529613960
122,"void benchmark_func<float, 256, 8u, 40u>(float, float*) [clone .kd]",0,0,365,246845,246845,4194304,256,0,0,12,24,182272,0x7f9f7b44df80,0x7f9e7ad9cdc0,1479375,1479375,1020930,11835008,65536,225572279,3773204,0,904094712,477210529635249,477210529570850,477210531120936,477210531161476
123,"void benchmark_func<HIP_vector_type<float, 2u>, 256, 8u, 40u>(HIP_vector_type<float, 2u>, HIP_vector_type<float, 2u>*) [clone .kd]",0,0,368,246845,246845,4194304,256,0,0,12,24,185536,0x7f9f7b44de00,0x7f9e7ad9ce00,1690923,1690923,1019287,13527392,65536,333961564,5538924,0,1337624084,477210531174326,477210531120936,477210532799823,477210532843590
124,"void benchmark_func<double, 256, 8u, 40u>(double, double*) [clone .kd]",0,0,371,246845,246845,4194304,256,0,0,12,24,188544,0x7f9f7b44dc80,0x7f9e7ad9ce40,1693017,1693017,1021599,13544144,65536,327454649,5566500,0,1311590056,477210532856650,477210532799823,477210534482710,477210534523814
125,"void benchmark_func<__half2, 256, 8u, 40u>(__half2, __half2*) [clone .kd]",0,0,374,246845,246845,4194304,256,0,0,12,24,191552,0x7f9f7b44db00,0x7f9e7ad9ce80,1459391,1459391,1016512,11675136,65536,229692505,3642381,0,920571200,477210534537124,477210534482710,477210536018077,477210536063431
126,"void benchmark_func<int, 256, 8u, 40u>(int, int*) [clone .kd]",0,0,377,246845,246845,4194304,256,0,0,12,24,195840,0x7f9f7b44d980,0x7f9e7ad9cec0,1591112,1591112,1018306,12728904,65536,275157816,4718893,0,1102419416,477210536076561,477210536018077,477210537643364,477210537682906
127,"void benchmark_func<float, 256, 8u, 48u>(float, float*) [clone .kd]",0,0,380,246845,246845,4194304,256,0,0,12,24,198592,0x7f9f7b44d800,0x7f9e7ad9cf00,1489008,1489008,1017135,11912072,65536,237868133,3883776,0,953276812,477210537704626,477210537643364,477210539198250,477210539242433
128,"void benchmark_func<HIP_vector_type<float, 2u>, 256, 8u, 48u>(HIP_vector_type<float, 2u>, HIP_vector_type<float, 2u>*) [clone .kd]",0,0,383,246845,246845,4194304,256,0,0,12,24,202368,0x7f9f7b44d680,0x7f9e7ad9cf40,1731299,1731299,1020028,13850400,65536,361244445,5870547,0,1446771300,477210539255622,477210539198250,477210540906578,477210540948816
129,"void benchmark_func<double, 256, 8u, 48u>(double, double*) [clone .kd]",0,0,386,246845,246845,4194304,256,0,0,12,24,205888,0x7f9f7d6ea500,0x7f9e7ad9cf80,1725973,1725973,1019680,13807792,65536,349590545,5831886,0,1400138360,477210540962146,477210540906578,477210542609785,477210542650830
130,"void benchmark_func<__half2, 256, 8u, 48u>(__half2, __half2*) [clone .kd]",0,0,389,246845,246845,4194304,256,0,0,12,24,209408,0x7f9f7d6ea380,0x7f9e7ad9cfc0,1471714,1471714,1017490,11773720,65536,240176443,3749600,0,962508244,477210542664889,477210542609785,477210544156511,477210544203876
131,"void benchmark_func<int, 256, 8u, 48u>(int, int*) [clone .kd]",0,0,392,246845,246845,4194304,256,0,0,12,24,214464,0x7f9f7d6ea200,0x7f9e7ad9d000,1628599,1628599,1019324,13028800,65536,346689693,5040514,0,1388548552,477210544217496,477210544156511,477210545803398,477210545842641
132,"void benchmark_func<float, 256, 8u, 56u>(float, float*) [clone .kd]",0,0,395,246845,246845,4194304,256,0,0,12,24,217728,0x7f9f7d6ea080,0x7f9e7ad9d040,1494127,1494127,1017104,11953024,65536,243606045,3920397,0,976228444,477210545863461,477210545803398,477210547367565,477210547411987
133,"void benchmark_func<HIP_vector_type<float, 2u>, 256, 8u, 56u>(HIP_vector_type<float, 2u>, HIP_vector_type<float, 2u>*) [clone .kd]",0,0,398,246845,246845,4194304,256,0,0,12,24,222016,0x7f9f7b44df00,0x7f9e7ad9d080,1760935,1760935,1021709,14087488,65536,375724950,6111105,0,1504683824,477210547424847,477210547367565,477210549093492,477210549134500
134,"void benchmark_func<double, 256, 8u, 56u>(double, double*) [clone .kd]",0,0,401,246845,246845,4194304,256,0,0,12,24,226048,0x7f9f7b44dd80,0x7f9e7ad9d0c0,1734850,1734850,1021474,13878808,65536,370871430,5923056,0,1485265908,477210549148100,477210549093492,477210550805180,477210550846864
135,"void benchmark_func<__half2, 256, 8u, 56u>(__half2, __half2*) [clone .kd]",0,0,404,246845,246845,4194304,256,0,0,12,24,230080,0x7f9f7b44dc00,0x7f9e7ad9d100,1472813,1472813,1017424,11782512,65536,245885364,3757282,0,985344420,477210550859913,477210550805180,477210552351426,477210552420150
136,"void benchmark_func<int, 256, 8u, 56u>(int, int*) [clone .kd]",0,0,407,246845,246845,4194304,256,0,0,12,24,235904,0x7f9f7b44da80,0x7f9e7ad9d140,1728600,1728600,1020727,13828808,65536,361055714,5839491,0,1446015344,477210552433859,477210552351426,477210554063114,477210554125473
137,"void benchmark_func<float, 256, 8u, 64u>(float, float*) [clone .kd]",0,0,410,246845,246845,4194304,256,0,0,12,24,239424,0x7f9f7b44d900,0x7f9e7ad9d180,1504162,1504162,1019166,12033304,65536,248404159,3982866,0,995419684,477210554147383,477210554063114,477210555628400,477210555696079
138,"void benchmark_func<HIP_vector_type<float, 2u>, 256, 8u, 64u>(HIP_vector_type<float, 2u>, HIP_vector_type<float, 2u>*) [clone .kd]",0,0,413,246845,246845,4194304,256,0,0,12,24,244224,0x7f9f7b44d780,0x7f9e7ad9d1c0,1774575,1774575,1021590,14196608,65536,395917745,6203047,0,1585453568,477210555710009,477210555628400,477210557364568,477210557429132
139,"void benchmark_func<double, 256, 8u, 64u>(double, double*) [clone .kd]",0,0,416,246845,246845,4194304,256,0,0,12,24,248768,0x7f9f7b44d600,0x7f9e7ad9d200,1756310,1756310,1021408,14050488,65536,390224080,6084432,0,1562679960,477210557443162,477210557364568,477210559089375,477210559154705
140,"void benchmark_func<__half2, 256, 8u, 64u>(__half2, __half2*) [clone .kd]",0,0,419,246845,246845,4194304,256,0,0,12,24,253312,0x7f9f7d6ea480,0x7f9e7ad9d240,1494087,1494087,1016274,11952704,65536,258178754,3937554,0,1034519480,477210559167355,477210559089375,477210560650822,477210560720011
141,"void benchmark_func<int, 256, 8u, 64u>(int, int*) [clone .kd]",0,0,422,246845,246845,4194304,256,0,0,8,24,255552,0x7f9f7d6ea300,0x7f9e7ad9d280,3975220,3975220,2038471,31801768,65536,1194460902,16770406,0,4779588540,477210560733141,477210560650822,477210563708435,477210563778656
142,"void benchmark_func<float, 256, 8u, 80u>(float, float*) [clone .kd]",0,0,425,246845,246845,4194304,256,0,0,12,24,259840,0x7f9f7d6ea180,0x7f9e7ad9d2c0,1516448,1516448,1016744,12131592,65536,262786540,4107179,0,1052948108,477210563799606,477210563708435,477210565284761,477210565353572
143,"void benchmark_func<HIP_vector_type<float, 2u>, 256, 8u, 80u>(HIP_vector_type<float, 2u>, HIP_vector_type<float, 2u>*) [clone .kd]",0,0,428,246845,246845,4194304,256,0,0,12,24,265664,0x7f9f7d6ea000,0x7f9e7ad9d300,1765282,1765282,1020186,14122264,65536,396557583,6150023,0,1588024828,477210565367482,477210565284761,477210567022849,477210567087385
144,"void benchmark_func<double, 256, 8u, 80u>(double, double*) [clone .kd]",0,0,431,246845,246845,4194304,256,0,0,12,24,271232,0x7f9f7b44de80,0x7f9e7ad9d340,1815562,1815562,1020124,14524504,65536,422638165,6569779,0,1692339724,477210567099945,477210567022849,477210568787496,477210568858207
145,"void benchmark_func<__half2, 256, 8u, 80u>(__half2, __half2*) [clone .kd]",0,0,434,246845,246845,4194304,256,0,0,8,24,273216,0x7f9f7b44dd00,0x7f9e7ad9d380,3972595,3972595,2039099,31780768,65536,1141847885,16581914,0,4569136580,477210568871327,477210568787496,477210571829589,477210571902591
146,"void benchmark_func<int, 256, 8u, 80u>(int, int*) [clone .kd]",0,0,437,246845,246845,4194304,256,0,0,8,24,275712,0x7f9f7b44db80,0x7f9e7ad9d3c0,3839970,3839970,2038628,30719768,65536,1144504752,15615251,0,4579764440,477210571914901,477210571829589,477210574815042,477210574887067
147,"void benchmark_func<float, 256, 8u, 96u>(float, float*) [clone .kd]",0,0,440,246845,246845,4194304,256,0,0,12,24,280768,0x7f9f7b44da00,0x7f9e7ad9d400,1540277,1540277,1021829,12322224,65536,261210436,4267642,0,1046633876,477210574908367,477210574815042,477210576408329,477210576480513
148,"void benchmark_func<HIP_vector_type<float, 2u>, 256, 8u, 96u>(HIP_vector_type<float, 2u>, HIP_vector_type<float, 2u>*) [clone .kd]",0,0,443,246845,246845,4194304,256,0,0,12,24,287616,0x7f9f7b44d880,0x7f9e7ad9d440,1830826,1830826,1022445,14646616,65536,432890244,6692965,0,1733354492,477210576495143,477210576408329,477210578188976,477210578252065
149,"void benchmark_func<double, 256, 8u, 96u>(double, double*) [clone .kd]",0,0,446,246845,246845,4194304,256,0,0,12,24,294208,0x7f9f7b44d700,0x7f9e7ad9d480,1827349,1827349,1021851,14618800,65536,438916501,6678543,0,1757463224,477210578264485,477210578188976,477210579964184,477210580043146
150,"void benchmark_func<__half2, 256, 8u, 96u>(__half2, __half2*) [clone .kd]",0,0,449,246845,246845,4194304,256,0,0,8,24,296960,0x7f9f7d6ea580,0x7f9e7ad9d4c0,5092567,5092567,3042794,40740544,65536,1234594246,18234504,0,4940122380,477210580056176,477210579964184,477210583675079,477210583741127
151,"void benchmark_func<int, 256, 8u, 96u>(int, int*) [clone .kd]",0,0,452,246845,246845,4194304,256,0,0,8,24,299968,0x7f9f7d6ea400,0x7f9e7ad9d500,5086337,5086337,3041922,40690704,65536,1308838730,18301665,0,5237097912,477210583754477,477210583675079,477210587412695,477210587482037
152,"void benchmark_func<float, 256, 8u, 128u>(float, float*) [clone .kd]",0,0,455,246845,246845,4194304,256,0,0,8,24,302720,0x7f9f7d6ea280,0x7f9e7ad9d540,5167607,5167607,3043711,41340864,65536,1307417312,18873209,0,5231415508,477210587503927,477210587412695,477210591173671,477210591239966
153,"void benchmark_func<HIP_vector_type<float, 2u>, 256, 8u, 128u>(HIP_vector_type<float, 2u>, HIP_vector_type<float, 2u>*) [clone .kd]",0,0,458,246845,246845,4194304,256,0,0,12,24,305472,0x7f9f7d6ea100,0x7f9e7ad9d580,3975402,3975402,2040577,31803224,65536,1177333991,16792117,0,4711075408,477210591253426,477210591173627,477210594242920,477210594312130
154,"void benchmark_func<double, 256, 8u, 128u>(double, double*) [clone .kd]",0,0,461,246845,246845,4194304,256,0,0,12,24,308224,0x7f9f7b44df80,0x7f9e7ad9d5c0,5014044,5014044,3040980,40112360,65536,1209931075,17539685,0,4841464204,477210594326390,477210594242920,477210597927095,477210598004691
155,"void benchmark_func<__half2, 256, 8u, 128u>(__half2, __half2*) [clone .kd]",0,0,464,246845,246845,4194304,256,0,0,8,24,310976,0x7f9f7b44de00,0x7f9e7ad9d600,5016818,5016818,3041968,40134552,65536,1275434060,17900041,0,5103483788,477210598018450,477210597927095,477210601599430,477210601671312
156,"void benchmark_func<int, 256, 8u, 128u>(int, int*) [clone .kd]",0,0,467,246845,246845,4194304,256,0,0,8,24,313216,0x7f9f7b44dc80,0x7f9e7ad9d640,3987901,3987901,2038507,31903216,65536,1202367990,16825280,0,4811220824,477210601684692,477210601599430,477210604695603,477210604767265
157,"void benchmark_func<float, 256, 8u, 256u>(float, float*) [clone .kd]",0,0,470,246845,246845,4194304,256,0,0,8,24,315968,0x7f9f7b44db00,0x7f9e7ad9d680,3795368,3795368,2036891,30362952,65536,1113470722,15100581,0,4455629500,477210604789445,477210604695603,477210607658495,477210607732452
158,"void benchmark_func<HIP_vector_type<float, 2u>, 256, 8u, 256u>(HIP_vector_type<float, 2u>, HIP_vector_type<float, 2u>*) [clone .kd]",0,0,473,246845,246845,4194304,256,0,0,12,24,318720,0x7f9f7b44d980,0x7f9e7ad9d6c0,3706622,3706622,2034098,29652984,65536,1057210215,14468144,0,4230579792,477210607745612,477210607658495,477210610599788,477210610668769
159,"void benchmark_func<double, 256, 8u, 256u>(double, double*) [clone .kd]",0,0,476,246845,246845,4194304,256,0,0,12,24,321472,0x7f9f7b44d800,0x7f9e7ad9d700,3738942,3738942,2036176,29911544,65536,1087600255,14792216,0,4352140228,477210610681309,477210610599788,477210613556120,477210613627395
160,"void benchmark_func<__half2, 256, 8u, 256u>(__half2, __half2*) [clone .kd]",0,0,479,246845,246845,4194304,256,0,0,8,24,324224,0x7f9f7b44d680,0x7f9e7ad9d740,3798868,3798868,2034887,30390952,65536,1118364479,15189391,0,4475205940,477210613640845,477210613556120,477210616524773,477210616598322
161,"void benchmark_func<int, 256, 8u, 256u>(int, int*) [clone .kd]",0,0,482,246845,246845,4194304,256,0,0,8,24,326464,0x7f9f7d6ea500,0x7f9e7ad9d780,5517342,5517342,3047512,44138744,65536,1591968619,22274291,0,6369621044,477210616611641,477210616524773,477210620593910,477210620663224
162,"void benchmark_func<float, 256, 8u, 512u>(float, float*) [clone .kd]",0,0,485,246845,246845,4194304,256,0,0,8,24,329216,0x7f9f7d6ea380,0x7f9e7ad9d7c0,5540235,5540235,3051324,44321888,65536,1605566002,22458879,0,6424010744,477210620685054,477210620593910,477210624640167,477210624718217
163,"void benchmark_func<HIP_vector_type<float, 2u>, 256, 8u, 512u>(HIP_vector_type<float, 2u>, HIP_vector_type<float, 2u>*) [clone .kd]",0,0,488,246845,246845,4194304,256,0,0,12,24,331968,0x7f9f7d6ea200,0x7f9e7ad9d800,5551331,5551331,3048849,44410656,65536,1603263969,22589705,0,6414797616,477210624731547,477210624640167,477210628753624,477210628826209
164,"void benchmark_func<double, 256, 8u, 512u>(double, double*) [clone .kd]",0,0,491,246845,246845,4194304,256,0,0,12,24,334720,0x7f9f7d6ea080,0x7f9e7ad9d840,5543463,5543463,3046504,44347712,65536,1603319868,22438670,0,6415020236,477210628839828,477210628753624,477210632855401,477210632930921
165,"void benchmark_func<__half2, 256, 8u, 512u>(__half2, __half2*) [clone .kd]",0,0,494,246845,246845,4194304,256,0,0,8,24,337472,0x7f9f7b44df00,0x7f9e7ad9d880,5537800,5537800,3046867,44302408,65536,1610147522,22457813,0,6442336948,477210632944191,477210632855401,477210636906138,477210636976314
166,"void benchmark_func<int, 256, 8u, 512u>(int, int*) [clone .kd]",0,0,497,246845,246845,4194304,256,0,0,8,24,0,0x7f9f7b44dd80,0x7f9e7ad9d8c0,9492093,9492093,5075206,75936752,65536,3059854441,43306797,0,12241166740,477210636990554,477210636906138,477210643467446,477210643545293
